word,pos,freq
а,conj,10155.9
а,intj,39.3
а-а,intj,30.8
абсолютно,adv,69.9
абсолютный,a,21.8
август,s,39.5
автобус,s,88.9
автомат,s,83.2
автомобиль,s,75.1
автор,s,85.9
авторитет,s,23.8
ага,intj,67.0
агент,s,34.9
ад,s,25.4
адвокат,s,29.6
адрес,s,84.8
аж,part,29.4
ай,intj,22.0
академик,s,42.9
академия,s,25.8
аккуратно,adv,55.2
аккуратный,a,27.5
акт,s,26.0
актер,s,34.8
актриса,s,19.8
акцент,s,18.5
акция,s,24.6
аллея,s,24.1
алый,a,19.9
альбом,s,19.3
американец,s,32.9
американский,a,58.4
анализ,s,20.1
ангел,s,39.7
английский,a,63.4
англичанин,s,18.7
анекдот,s,33.1
аппарат,s,49.0
аппетит,s,18.6
апрель,s,22.4
арест,s,25.0
арестовать,v,31.3
армейский,a,21.8
армия,s,128.9
аромат,s,22.0
артист,s,44.2
архив,s,19.5
асфальт,s,49.8
атака,s,34.8
атмосфера,s,23.4
ах,intj,157.5
ахнуть,v,25.8
аэродром,s,18.5
аэропорт,s,31.3
б,part,118.6
баба,s,171.3
бабка,s,88.1
бабочка,s,32.4
бабушка,s,145.8
база,s,44.1
базар,s,37.7
балкон,s,41.4
бандит,s,59.0
банк,s,76.7
банка,s,62.1
баня,s,57.2
бар,s,36.2
барабан,s,19.1
барак,s,37.6
барон,s,50.9
барышня,s,22.4
бас,s,19.2
бассейн,s,23.7
батальон,s,23.4
батарея,s,40.5
батюшка,s,25.4
башка,s,30.4
башня,s,53.0
бег,s,28.7
бегать,v,99.9
бегом,adv,21.3
беда,s,91.8
бедный,a,103.0
бедро,s,37.4
бежать,v,256.6
без,pr,1140.5
бездна,s,21.7
беззвучно,adv,21.0
безнадежно,adv,19.7
безопасность,s,39.8
безумие,s,20.6
безумный,a,35.9
безусловно,adv,23.7
белеть,v,19.0
белый,a,495.1
белье,s,49.8
бензин,s,21.0
берег,s,245.5
бережно,adv,21.7
береза,s,28.3
беречь,v,33.3
бес,s,20.0
беседа,s,71.2
беседовать,v,38.9
бесконечно,adv,24.4
бесконечный,a,54.3
беспокоить,v,26.1
беспокоиться,v,47.3
беспокойство,s,26.7
бесполезный,a,23.7
беспомощный,a,19.2
бессмысленный,a,38.5
бесшумно,adv,22.7
бетонный,a,22.8
бешеный,a,28.0
библиотека,s,42.9
бизнес,s,32.9
билет,s,85.2
бинокль,s,20.8
битва,s,22.4
бить,v,174.7
биться,v,53.6
благо,s,22.9
благодарить,v,40.4
благодарность,s,34.3
благодарный,a,25.0
благодаря,pr,36.3
благородный,a,43.9
бледный,a,71.0
блеск,s,37.7
блеснуть,v,19.8
блестеть,v,53.8
блестящий,a,44.5
ближайший,a,63.0
близкий,a,208.3
близко,adv,66.7
близость,s,22.9
блок,s,21.9
блокнот,s,21.0
блондинка,s,21.8
блюдо,s,28.3
бог,s,447.0
богатство,s,25.7
богатый,a,69.4
бодро,adv,23.8
бодрый,a,21.2
боевой,a,72.1
боец,s,49.6
божий,a,44.8
бой,s,130.0
бок,s,145.2
бокал,s,45.6
боковой,a,26.2
более,adv,395.9
более,num,44.7
болезнь,s,86.4
болеть,v,89.4
болото,s,39.0
болтать,v,42.8
болтаться,v,27.5
боль,s,168.6
больница,s,113.8
больничный,a,23.5
больно,adv,97.5
больной,a,85.5
больной,s,71.2
больше,adv,535.6
больше,num,187.0
большевик,s,30.0
больший,a,78.1
большинство,s,52.3
большой,a,811.1
бомба,s,38.3
бомж,s,21.2
бормотать,v,58.2
борода,s,56.8
бородатый,a,20.6
бороться,v,53.7
борт,s,59.3
борьба,s,75.3
босой,a,32.8
ботинок,s,66.4
бочка,s,42.2
боярин,s,19.2
бояться,v,424.5
брак,s,33.0
брат,s,261.1
братец,s,29.7
брать,v,290.0
браться,v,29.9
бревно,s,41.5
бред,s,33.7
брести,v,23.2
бригада,s,45.5
бригадир,s,35.0
бровь,s,85.8
бродить,v,58.6
бронзовый,a,19.8
бросать,v,84.0
бросаться,v,36.5
бросить,v,293.9
броситься,v,112.6
брюки,s,68.9
брюхо,s,22.2
будить,v,23.4
будка,s,31.2
будто,conj,336.6
будто,part,292.8
будущее,s,85.8
будущий,a,67.6
буква,s,80.2
буквально,adv,57.5
букет,s,25.6
бульвар,s,25.6
бумага,s,196.1
бумажка,s,68.1
бумажный,a,28.7
буркнуть,v,30.0
бурный,a,20.8
буря,s,20.4
бутерброд,s,24.4
бутылка,s,216.8
буфет,s,34.2
бы,part,2868.4
бывало,adv,27.4
бывать,v,337.7
бывший,a,155.5
бык,s,43.2
было,part,42.7
быстро,adv,371.8
быстрый,a,126.1
бытие,s,22.0
быть,v,12887.1
бюро,s,21.0
в,pr,25564.5
вагон,s,102.3
важно,adv,45.7
важный,a,160.1
валенок,s,27.1
валить,v,27.2
валяться,v,59.6
ванна,s,28.5
ванная,s,50.3
вариант,s,53.4
варить,v,41.9
ваш,apro,687.6
вверх,adv,128.5
ввести,v,27.4
вглядываться,v,33.1
вдали,adv,29.0
вдвоем,adv,54.4
вдова,s,24.7
вдоль,pr,91.6
вдруг,adv,915.7
ведать,v,25.2
ведро,s,63.4
ведь,conj,217.0
ведь,part,723.3
ведьма,s,21.7
вежливо,adv,38.8
вежливый,a,20.1
везде,advpro,52.6
везти,v,65.4
век,s,144.6
веко,s,36.1
велеть,v,93.1
великий,a,236.0
великолепный,a,31.2
величество,s,26.2
величина,s,20.4
велосипед,s,29.8
вена,s,19.0
вера,s,188.8
веранда,s,24.3
веревка,s,59.0
верить,v,263.7
вернее,adv,55.2
верно,adv,82.3
вернуть,v,82.2
вернуться,v,442.2
верный,a,95.8
вероятно,adv,77.7
версия,s,25.4
верста,s,26.4
вертеть,v,23.5
вертеться,v,28.2
вертолет,s,28.3
верх,s,32.5
верхний,a,73.0
верховный,a,20.6
вершина,s,44.6
вес,s,31.6
весело,adv,111.6
веселый,a,142.1
веселье,s,20.2
весенний,a,31.3
весло,s,19.0
весна,s,91.0
вести,v,266.9
весть,s,19.4
весь,apro,3798.3
весьма,adv,86.3
ветвь,s,28.5
ветер,s,246.1
ветерок,s,23.4
ветка,s,71.5
вечер,s,451.0
вечерний,a,51.6
вечно,adv,54.0
вечность,s,23.7
вечный,a,87.6
вещь,s,237.0
взвод,s,29.8
взгляд,s,439.5
взглянуть,v,137.1
вздох,s,40.6
вздохнуть,v,208.8
вздрагивать,v,33.1
вздрогнуть,v,56.4
вздыхать,v,41.4
взлететь,v,27.3
взор,s,32.0
взорваться,v,21.6
взрослый,a,54.3
взрослый,s,35.3
взрыв,s,54.4
взять,v,788.9
взяться,v,101.6
вид,s,495.1
видать,adv,23.8
видать,v,51.9
видение,s,22.5
видеть,v,1179.9
видеться,v,40.8
видимо,adv,144.7
виднеться,v,30.7
видно,adv,237.4
видный,a,77.4
визг,s,21.9
визжать,v,18.5
визит,s,31.3
вилка,s,26.0
вина,s,61.2
вино,s,114.2
виновато,adv,24.4
виноватый,a,117.9
винтовка,s,31.5
висеть,v,142.0
виски,s,26.6
висок,s,37.8
витрина,s,26.2
включать,v,23.0
включая,pr,21.8
включить,v,68.6
вкус,s,69.2
вкусный,a,31.2
владелец,s,29.8
владеть,v,33.8
владыка,s,22.1
влажный,a,41.9
власть,s,161.1
влево,adv,19.1
влезть,v,32.2
влияние,s,24.0
вложить,v,22.6
влюбиться,v,26.7
вместе,adv,424.4
вместо,pr,167.9
вмешаться,v,27.7
вначале,adv,31.1
вне,pr,34.1
внезапно,adv,98.8
внезапный,a,34.4
внести,v,23.6
внешний,a,43.6
внешность,s,26.6
вниз,adv,173.0
внизу,adv,82.5
внимание,s,223.4
внимательно,adv,106.3
внимательный,a,26.6
вновь,adv,132.7
внук,s,45.9
внутренний,a,95.2
внутри,adv,58.7
внутри,pr,44.0
внутрь,adv,28.8
внучка,s,23.8
во,pr,993.8
вовремя,adv,52.9
вовсе,adv,182.4
во-вторых,adv,45.2
вода,s,585.7
водитель,s,73.3
водить,v,56.4
водиться,v,25.2
водка,s,158.3
воевать,v,52.9
воевода,s,19.6
военный,a,132.3
военный,s,23.1
вождь,s,39.2
возбудить,v,19.3
возвращать,v,20.9
возвращаться,v,162.9
возвращение,s,40.2
воздух,s,263.9
воздушный,a,36.9
возить,v,30.1
возиться,v,37.2
возле,pr,215.8
возможно,adv,139.3
возможность,s,149.3
возможный,a,74.2
возмутиться,v,40.4
возникать,v,63.5
возникнуть,v,105.1
возражать,v,40.0
возразить,v,65.5
возраст,s,92.3
воин,s,36.7
вой,s,23.4
война,s,337.5
войско,s,56.5
войти,v,281.5
вокзал,s,66.3
вокруг,adv,123.7
вокруг,pr,174.7
волк,s,57.9
волна,s,114.2
волнение,s,53.3
волновать,v,31.3
волноваться,v,79.5
волос,s,243.5
волшебник,s,19.1
волшебный,a,39.4
вольный,a,24.7
воля,s,125.9
вон,advpro,33.1
вон,part,130.5
вонючий,a,19.7
воображение,s,39.2
вообразить,v,21.1
вообще,adv,394.9
вообще-то,part,43.9
во-первых,adv,57.6
вопль,s,29.1
вопрос,s,444.5
вор,s,42.7
ворваться,v,26.1
воробей,s,30.7
воровать,v,23.7
ворона,s,22.6
ворот,s,43.6
ворота,s,92.2
воротник,s,35.1
ворчать,v,19.8
восемнадцать,num,25.2
восемь,num,95.6
восемьдесят,num,28.7
воскликнуть,v,104.8
воскресенье,s,37.7
воспитание,s,21.6
воспользоваться,v,32.5
воспоминание,s,74.4
воспринимать,v,23.5
восстановить,v,23.5
восток,s,36.9
восторг,s,70.9
восточный,a,33.9
восхищение,s,23.6
восьмой,anum,39.1
вот,part,2388.4
вот-вот,adv,55.0
впервые,adv,127.0
вперед,adv,193.1
впереди,adv,112.4
впереди,pr,19.1
впечатление,s,82.1
вплотную,adv,23.6
вполне,adv,189.1
впоследствии,adv,26.9
вправду,adv,30.3
вправо,adv,20.1
впрочем,adv,230.7
впрямь,adv,31.7
враг,s,128.4
врать,v,85.3
врач,s,179.0
вредный,a,19.8
врезаться,v,19.0
временной,a,19.4
время,s,1661.0
вроде,part,167.4
вроде,pr,103.0
вручить,v,22.5
вряд,adv,68.7
всадник,s,20.4
все,advpro,578.5
все,spro,4028.9
всегда,advpro,652.6
всего,part,132.0
вселенная,s,25.5
всеобщий,a,29.0
всерьез,adv,36.3
все-таки,part,356.0
вскинуть,v,26.0
вскоре,adv,103.6
вскочить,v,89.4
вскрикнуть,v,28.2
вслед,adv,89.8
вслух,adv,62.8
всматриваться,v,19.5
вспоминать,v,155.2
вспомнить,v,336.2
вспомниться,v,23.9
вспыхивать,v,24.0
вспыхнуть,v,42.5
вспышка,s,25.6
вставать,v,106.9
вставить,v,38.6
встать,v,311.6
встретить,v,134.3
встретиться,v,106.7
встреча,s,170.9
встречать,v,84.3
встречаться,v,87.9
встречный,a,26.4
вступать,v,24.1
вступить,v,36.5
всюду,advpro,32.5
всякий,apro,471.8
второй,anum,479.7
втроем,adv,21.8
вход,s,81.3
входить,v,115.8
входной,a,22.4
вцепиться,v,33.5
вчера,adv,168.7
вчерашний,a,54.0
въехать,v,20.1
вы,spro,4215.6
выбежать,v,27.7
выбирать,v,57.2
выбить,v,30.1
выбор,s,45.2
выборы,s,20.5
выбрать,v,82.1
выбраться,v,54.9
выбросить,v,50.2
вывернуть,v,18.9
вывести,v,56.3
вывод,s,46.6
выводить,v,24.1
выглядеть,v,142.8
выглядывать,v,22.1
выглянуть,v,30.3
выгнать,v,38.2
выговорить,v,23.0
выдавать,v,45.1
выдать,v,66.2
выделить,v,19.5
выдержать,v,94.9
выдохнуть,v,25.4
выдумать,v,23.6
выехать,v,32.9
выжить,v,28.1
вызвать,v,135.8
вызов,s,38.0
вызывать,v,111.4
выиграть,v,29.5
выйти,v,683.3
выкинуть,v,24.8
выключить,v,32.0
выкрикнуть,v,21.0
вылезать,v,27.3
вылезти,v,50.5
вылететь,v,34.6
выложить,v,26.0
вымыть,v,21.0
вынести,v,54.6
вынимать,v,21.4
выносить,v,28.7
вынудить,v,23.9
вынужденный,a,31.4
вынуть,v,75.7
выпасть,v,38.8
выпивать,v,25.8
выписать,v,22.0
выпить,v,252.8
выполнить,v,46.4
выполнять,v,42.6
выпрямиться,v,24.4
выпускать,v,38.5
выпустить,v,62.2
выражать,v,28.8
выражаться,v,24.4
выражение,s,112.1
выразить,v,30.3
выразиться,v,22.6
вырасти,v,68.1
вырвать,v,36.0
вырваться,v,54.6
вырезать,v,23.2
выругаться,v,18.7
высказать,v,25.6
выскочить,v,86.7
выслушать,v,39.4
высокий,a,373.9
высоко,adv,61.0
высота,s,71.8
выставить,v,44.9
выставка,s,22.2
выстрел,s,65.9
выстрелить,v,30.6
выступать,v,52.2
выступить,v,37.3
выступление,s,23.9
высунуться,v,21.7
высший,a,83.3
вытаскивать,v,22.5
вытащить,v,105.2
вытереть,v,38.2
вытирать,v,33.1
выть,v,24.1
вытянуть,v,55.6
вытянуться,v,21.7
выхватить,v,25.6
выход,s,138.5
выходить,v,257.7
выяснить,v,47.0
выясниться,v,48.3
вяло,adv,26.5
вялый,a,18.7
гад,s,38.5
гадать,v,19.4
гадость,s,20.6
газ,s,35.7
газета,s,200.0
газетный,a,19.8
галстук,s,46.7
гараж,s,33.0
гвоздь,s,41.3
где,advpro,1317.9
где-нибудь,advpro,45.0
где-то,advpro,193.6
генерал,s,175.1
генеральный,a,19.1
гениальный,a,25.3
гений,s,43.4
герой,s,141.2
гибель,s,44.0
гигантский,a,35.9
гимнастерка,s,27.4
гитара,s,24.7
глава,s,137.7
главное,adv,107.0
главное,s,77.8
главный,a,238.8
гладить,v,35.8
гладкий,a,34.8
глаз,s,1580.3
глазок,s,48.0
глина,s,24.8
глотать,v,23.1
глоток,s,32.0
глубина,s,107.3
глубокий,a,130.8
глубоко,adv,64.0
глупо,adv,26.6
глупость,s,65.2
глупый,a,100.0
глухо,adv,28.0
глухой,a,68.1
глядеть,v,410.3
глянуть,v,83.7
гнать,v,60.9
гнев,s,39.2
гнездо,s,29.8
говорить,v,2178.4
говориться,v,50.9
говорят,adv,62.7
год,s,1466.0
годиться,v,36.5
голова,s,1326.7
головка,s,29.7
головной,a,20.2
голод,s,47.4
голодный,a,46.7
голос,s,753.4
голубой,a,115.0
голубь,s,21.5
голый,a,119.6
гонять,v,23.3
гора,s,151.7
гораздо,adv,69.7
гордиться,v,36.4
гордо,adv,27.8
гордость,s,43.6
гордый,a,35.4
горе,s,65.3
гореть,v,133.7
горечь,s,26.4
горизонт,s,41.6
горка,s,20.6
горло,s,101.7
горный,a,36.1
город,s,506.1
городок,s,38.4
городской,a,77.1
горшок,s,24.0
горький,a,42.5
горько,adv,32.9
горячий,a,125.9
горячо,adv,27.4
госпиталь,s,42.8
господи,intj,119.3
господин,s,232.4
господь,s,46.3
госпожа,s,26.2
гостиная,s,38.8
гостиница,s,65.5
гость,s,245.6
государственный,a,57.3
государство,s,73.8
государь,s,28.0
готовить,v,66.7
готовиться,v,62.6
готовность,s,37.3
готовый,a,242.2
градус,s,26.2
гражданин,s,64.1
гражданский,a,35.4
грамм,s,25.6
граната,s,23.7
граница,s,84.3
грань,s,22.9
граф,s,47.9
греметь,v,30.3
грех,s,71.0
греческий,a,20.2
гриб,s,51.2
гроб,s,77.7
гроза,s,24.3
грозить,v,36.7
грозный,a,32.1
гром,s,28.6
громадный,a,41.1
громкий,a,63.0
громко,adv,129.2
грохот,s,43.4
грубо,adv,32.7
грубый,a,55.7
грудь,s,266.7
груз,s,30.1
грузин,s,18.6
грузовик,s,45.9
группа,s,124.0
грустно,adv,45.1
грустный,a,40.9
грусть,s,21.7
грызть,v,19.0
грязный,a,98.1
грязь,s,71.2
губа,s,304.7
губернатор,s,21.1
гудеть,v,39.5
гудок,s,23.3
гул,s,28.8
гулять,v,83.0
густо,adv,24.6
густой,a,84.5
гусь,s,19.1
да,conj,1288.9
да,part,1164.2
дабы,conj,19.9
давай,part,191.6
давайте,part,82.6
давать,v,343.6
даваться,v,22.7
давить,v,37.0
давление,s,23.5
давний,a,35.6
давно,adv,370.8
давным-давно,adv,19.6
да-да,part,27.2
даже,conj,333.9
даже,part,1390.1
далее,adv,80.9
далекий,a,433.3
далеко,adv,190.1
даль,s,21.9
дальнейший,a,38.0
дальний,a,83.1
дама,s,129.2
данные,s,34.8
данный,apro,53.8
дар,s,43.1
дарить,v,20.9
даром,adv,19.2
дата,s,20.9
дать,v,665.3
дача,s,93.8
два,num,1313.0
двадцатый,anum,23.4
двадцать,num,255.8
дважды,adv,43.9
двенадцать,num,61.3
дверной,a,22.2
дверца,s,61.8
дверь,s,892.3
двести,num,49.6
двигатель,s,25.0
двигать,v,18.8
двигаться,v,108.7
движение,s,197.7
двинуться,v,60.3
двое,num,158.5
двойной,a,27.9
двор,s,275.1
дворец,s,49.6
девица,s,64.6
девичий,a,19.1
девка,s,58.4
девочка,s,297.6
девушка,s,337.5
девчонка,s,82.2
девяносто,num,25.7
девятый,anum,35.2
девять,num,62.4
дед,s,195.0
дедушка,s,80.4
дежурный,a,21.6
дежурный,s,30.3
действие,s,98.7
действительно,adv,265.3
действительность,s,29.3
действовать,v,90.2
декабрь,s,19.5
делать,v,755.0
делаться,v,68.2
делить,v,20.1
делиться,v,25.2
дело,s,1415.3
деловито,adv,22.2
деловой,a,37.3
демонстрировать,v,20.9
день,s,1281.4
деньги,s,537.2
депутат,s,28.7
дергать,v,25.2
дергаться,v,21.0
деревенский,a,39.6
деревня,s,157.4
дерево,s,220.4
деревянный,a,103.9
держать,v,308.9
держаться,v,128.1
дернуть,v,37.6
дернуться,v,22.9
дерьмо,s,28.3
дескать,adv,32.0
десяток,s,89.6
десятый,anum,30.1
десять,num,236.5
деталь,s,46.5
детский,a,135.3
детство,s,134.5
деться,v,38.2
дешевый,a,43.0
деятельность,s,41.7
джинсы,s,32.7
джип,s,23.6
диван,s,114.2
дивизия,s,37.1
дикий,a,78.4
директор,s,143.5
диссертация,s,18.6
дитя,s,60.9
длина,s,20.1
длинный,a,271.5
длиться,v,27.0
для,pr,1818.1
дневник,s,31.0
дневной,a,24.6
дно,s,99.4
до,pr,1881.9
добавить,v,140.4
добиваться,v,20.9
добиться,v,45.8
добраться,v,77.3
добро,s,69.7
доброта,s,22.8
добрый,a,216.2
добыть,v,22.8
добыча,s,25.4
доверие,s,29.3
доверять,v,37.0
довести,v,33.9
довольно,adv,159.4
довольный,a,70.1
догадаться,v,106.7
догадка,s,25.3
догадываться,v,55.5
догнать,v,36.3
договор,s,26.8
договориться,v,59.2
доехать,v,21.5
дождаться,v,71.4
дождь,s,138.9
дожидаться,v,44.5
дожить,v,21.3
дойти,v,111.6
доказательство,s,33.7
доказать,v,52.1
доказывать,v,27.7
доклад,s,28.3
докладывать,v,27.5
доктор,s,202.5
документ,s,116.9
долг,s,81.9
долгий,a,142.1
долго,adv,362.8
должен,a,665.3
должно,adv,64.4
должность,s,44.2
долина,s,19.7
доллар,s,72.9
доложить,v,50.4
доля,s,41.3
дом,s,925.9
дома,adv,197.7
домашний,a,64.2
домик,s,51.0
домой,adv,266.2
дон,s,42.9
донести,v,18.7
донестись,v,30.9
доноситься,v,42.6
дополнительный,a,19.6
допрос,s,32.3
допускать,v,23.1
допустить,v,65.5
дорога,s,449.0
дорогой,a,213.2
дорожка,s,50.6
дорожный,a,18.7
досада,s,33.1
доска,s,101.2
доставать,v,53.2
доставить,v,42.8
достаточно,adv,102.8
достать,v,180.3
достаться,v,47.2
достигнуть,v,49.9
достоинство,s,55.5
достойный,a,41.3
доходить,v,27.7
дочка,s,69.1
дочь,s,193.5
драгоценный,a,25.5
драка,s,34.2
дракон,s,25.7
драться,v,37.5
древний,a,77.6
дремать,v,25.6
дрова,s,40.2
дрогнуть,v,33.2
дрожать,v,106.2
дрожь,s,25.5
друг,s,1032.8
другой,apro,1529.3
дружба,s,53.8
дружить,v,27.4
дружка,s,21.9
дружно,adv,24.0
дружок,s,20.7
дрянь,s,22.9
дуб,s,19.6
дума,s,29.1
думать,v,1127.4
дура,s,63.1
дурак,s,132.5
дурацкий,a,45.0
дурной,a,46.8
дуть,v,33.8
дух,s,134.6
духи,s,28.9
духовный,a,31.0
душ,s,24.3
душа,s,447.8
душевный,a,39.9
дым,s,112.2
дымиться,v,21.6
дыра,s,49.3
дырка,s,47.7
дыхание,s,85.0
дышать,v,114.2
дьявол,s,30.8
дядька,s,23.1
дядя,s,200.6
еврей,s,79.5
еврейский,a,29.1
европейский,a,22.3
его,apro,2658.5
еда,s,74.5
едва,adv,188.2
едва,conj,28.5
единственный,a,187.5
единый,a,62.0
ее,apro,1454.5
ежели,conj,29.1
ежик,s,23.9
ездить,v,96.4
ей-богу,intj,19.9
еле,adv,63.8
елка,s,24.7
ерунда,s,41.7
если,conj,1948.3
естественно,adv,70.9
естественный,a,50.6
есть,v,147.0
ехать,v,289.7
еще,adv,2927.2
еще,part,106.2
ж,part,324.0
жадно,adv,30.9
жадный,a,19.9
жажда,s,25.5
жаждать,v,19.2
жалеть,v,81.2
жалкий,a,52.2
жалко,adv,94.0
жалобно,adv,24.9
жаловаться,v,57.7
жалость,s,44.2
жаль,adv,74.7
жар,s,34.3
жара,s,46.1
жареный,a,19.0
жаркий,a,38.1
жарко,adv,37.1
ждать,v,538.6
же,conj,76.0
же,part,3777.8
жевать,v,36.9
желание,s,132.0
желать,v,142.4
железнодорожный,a,26.2
железный,a,134.5
железо,s,33.7
желтый,a,132.1
желудок,s,26.6
жена,s,544.3
женатый,a,22.6
жениться,v,76.2
жених,s,42.7
женский,a,124.2
женщина,s,735.9
жертва,s,65.8
жест,s,69.0
жесткий,a,55.0
жестко,adv,18.6
жестокий,a,39.0
жечь,v,24.0
живо,adv,23.1
живой,a,340.9
живот,s,120.0
животное,s,60.6
жидкий,a,21.0
жидкость,s,22.0
жизненный,a,28.9
жизнь,s,1299.6
жилец,s,22.6
жилье,s,26.2
жирный,a,36.0
житель,s,48.1
жить,v,839.1
жопа,s,19.0
жрать,v,28.5
жук,s,18.7
журнал,s,85.9
журналист,s,45.9
жуткий,a,37.3
за,pr,4474.3
забавный,a,21.3
забегать,v,21.1
забирать,v,30.9
забить,v,31.4
заболеть,v,38.7
забор,s,87.3
забота,s,60.2
заботиться,v,24.3
забрать,v,77.4
забраться,v,30.1
забросить,v,30.0
забывать,v,66.1
забыть,v,347.1
завалить,v,28.6
заведение,s,24.9
заверить,v,18.6
завернуть,v,35.9
завести,v,61.7
завидовать,v,31.6
зависеть,v,50.5
зависимость,s,19.5
зависть,s,29.0
завод,s,77.8
заводить,v,23.1
завопить,v,19.3
завтра,adv,220.9
завтрак,s,41.8
завтрашний,a,19.1
завязать,v,21.7
загадка,s,27.6
загадочный,a,30.5
заглядывать,v,51.6
заглянуть,v,93.1
загнать,v,21.8
заговорить,v,105.1
загореться,v,19.0
зад,s,40.4
задавать,v,43.6
задание,s,37.0
задать,v,42.7
задача,s,66.9
задержать,v,34.5
задержаться,v,30.8
задеть,v,30.0
задний,a,87.1
задница,s,25.7
задрать,v,24.7
задумать,v,26.4
задуматься,v,77.1
задумчиво,adv,63.2
задумываться,v,28.4
задыхаться,v,36.0
заехать,v,25.6
зажать,v,33.0
зажечь,v,32.2
зажигалка,s,22.2
зажмуриться,v,19.8
зайти,v,131.3
заказ,s,32.4
заказать,v,36.6
заканчивать,v,18.7
закат,s,28.9
закинуть,v,19.1
заклинание,s,22.4
заключаться,v,25.8
заключение,s,25.3
заключенный,s,25.7
заключить,v,34.6
закон,s,135.1
законный,a,24.5
закончить,v,100.2
закончиться,v,44.7
закричать,v,146.6
закрывать,v,51.9
закрытый,a,49.3
закрыть,v,153.4
закрыться,v,24.1
закурить,v,61.9
закусить,v,19.8
закуска,s,22.8
зал,s,193.3
залезть,v,27.7
залить,v,35.0
заложить,v,32.9
заменить,v,29.0
замереть,v,77.9
замерзнуть,v,28.3
заместитель,s,27.4
заметить,v,380.3
заметно,adv,41.1
заметный,a,35.4
замечание,s,22.4
замечательный,a,60.4
замечать,v,115.4
замирать,v,24.5
замок,s,98.5
замолчать,v,72.8
замуж,adv,54.0
замысел,s,21.3
занавеска,s,32.3
занести,v,28.9
занимать,v,64.9
заниматься,v,162.5
заново,adv,24.0
занятие,s,68.6
занятый,a,40.7
занять,v,91.8
заняться,v,54.0
заодно,adv,37.5
заорать,v,52.6
запад,s,44.5
западный,a,36.6
запас,s,38.6
запах,s,165.2
запереть,v,51.2
запеть,v,30.5
записать,v,62.8
записка,s,63.2
записывать,v,30.4
запись,s,41.3
заплакать,v,63.6
заплатить,v,36.7
заполнить,v,28.1
запомнить,v,74.1
запретить,v,41.7
запросто,adv,22.8
запустить,v,26.6
зарабатывать,v,27.3
заработать,v,41.6
заранее,adv,62.6
зарасти,v,27.7
заросль,s,22.6
зарплата,s,39.7
заря,s,22.6
заседание,s,25.1
заслужить,v,27.2
засмеяться,v,138.9
заснуть,v,56.9
заставить,v,117.6
заставлять,v,61.6
застать,v,36.2
застрять,v,27.2
застынуть,v,43.8
засунуть,v,25.2
засыпать,v,49.1
затем,adv,203.6
затихнуть,v,25.0
зато,conj,142.3
затылок,s,67.8
затянуть,v,23.8
затянуться,v,24.7
захватить,v,48.2
захлопнуть,v,25.2
заходить,v,89.4
захотеть,v,95.0
захотеться,v,59.5
захохотать,v,23.2
зачем,advpro,430.8
зачем-то,advpro,29.0
зашагать,v,19.1
защита,s,44.4
защитить,v,25.3
защищать,v,36.5
заявить,v,90.0
заявление,s,38.9
заяц,s,35.7
звание,s,33.8
звать,v,222.8
звезда,s,126.2
звездный,a,20.8
звездочка,s,18.5
звенеть,v,32.5
зверь,s,73.4
звон,s,42.7
звонить,v,170.5
звонкий,a,20.8
звонок,s,114.9
звук,s,166.8
звучать,v,76.9
здание,s,85.1
здесь,advpro,951.0
здешний,a,32.5
здороваться,v,19.4
здоровенный,a,19.6
здорово,adv,47.9
здоровый,a,99.1
здоровье,s,73.6
здравствовать,v,74.5
зеленый,a,180.4
зелень,s,29.3
земля,s,591.1
земной,a,47.4
зеркало,s,112.7
зерно,s,19.0
зима,s,120.2
зимний,a,47.2
злиться,v,29.2
зло,adv,31.5
зло,s,59.2
злоба,s,30.3
злой,a,93.3
злость,s,34.9
змей,s,22.4
змея,s,32.3
знак,s,100.2
знакомство,s,45.4
знакомый,a,189.5
знакомый,s,82.7
знаменитый,a,84.9
знамя,s,25.7
знание,s,60.7
знать,v,2537.5
значение,s,69.3
значит,adv,427.7
значительно,adv,25.2
значительный,a,26.2
значить,v,133.9
золото,s,57.6
золотой,a,142.3
зона,s,48.1
зрачок,s,20.1
зрелище,s,21.6
зрение,s,66.4
зритель,s,38.5
зря,adv,91.8
зуб,s,210.5
и,conj,37273.4
ибо,conj,133.0
игла,s,19.1
игра,s,132.8
играть,v,240.2
игрушка,s,31.6
идея,s,110.4
идиот,s,45.2
идти,v,1234.1
из,pr,4114.2
изба,s,65.9
избавиться,v,28.7
избегать,v,21.6
известно,adv,99.4
известный,a,151.6
извинить,v,110.5
извиниться,v,19.0
извиняться,v,24.8
извлечь,v,30.3
изволить,v,18.5
издалека,adv,32.1
издали,adv,34.1
издательство,s,21.9
издать,v,20.6
издеваться,v,18.6
из-за,pr,348.6
изменение,s,22.0
изменить,v,52.6
измениться,v,73.9
изнутри,adv,34.2
изо,pr,61.9
изображать,v,38.0
изображение,s,27.4
изобразить,v,34.3
из-под,pr,153.7
изредка,adv,35.5
изумиться,v,18.5
изумление,s,28.0
изучать,v,40.0
изучить,v,19.3
изящный,a,20.8
икона,s,22.4
икра,s,20.9
или,conj,1773.3
именно,part,428.9
иметь,v,588.0
иметься,v,71.2
император,s,25.4
империя,s,20.8
имущество,s,21.3
имя,s,320.5
иначе,advpro,127.4
иначе,conj,47.9
инвалид,s,22.5
инженер,s,63.0
иногда,adv,258.6
иной,apro,171.9
иностранец,s,25.1
иностранный,a,34.0
инспектор,s,21.1
инстинкт,s,24.2
институт,s,125.5
инструмент,s,42.2
интеллигентный,a,26.0
интерес,s,121.7
интересно,adv,108.6
интересный,a,119.2
интересовать,v,61.5
интересоваться,v,44.9
интонация,s,31.7
информация,s,76.0
искать,v,259.8
исключение,s,30.6
исключить,v,29.1
искра,s,29.8
искренне,adv,41.0
искренний,a,22.0
искусственный,a,21.6
искусство,s,80.5
исполнение,s,24.3
исполнить,v,36.3
исполнять,v,29.7
использовать,v,59.1
испортить,v,27.3
испуг,s,32.2
испуганно,adv,47.0
испуганный,a,22.1
испугаться,v,92.3
испытание,s,23.2
испытать,v,36.7
испытывать,v,81.5
истерика,s,20.9
истина,s,48.9
истинный,a,48.7
исторический,a,38.8
история,s,261.1
источник,s,31.2
исход,s,20.2
исходить,v,33.7
исчезать,v,54.6
исчезнуть,v,162.6
итак,conj,55.6
итог,s,29.6
их,apro,722.9
ихний,apro,19.0
июль,s,21.3
июнь,s,23.6
к,pr,5407.4
кабина,s,48.4
кабинет,s,203.6
каблук,s,30.8
кадр,s,36.0
каждый,apro,758.4
кажется,adv,210.6
казак,s,22.6
казарма,s,19.8
казаться,v,572.6
казенный,a,25.7
казнь,s,21.5
как,advpro,2654.7
как,conj,4873.2
как-нибудь,advpro,40.1
каков,apro,31.9
какой,apro,1401.7
какой-либо,apro,22.3
какой-нибудь,apro,226.7
какой-то,apro,1023.0
как-то,advpro,317.1
калитка,s,38.1
каменный,a,79.5
камень,s,175.3
камера,s,70.3
канал,s,28.9
кандидат,s,25.9
капитан,s,232.8
капля,s,71.4
капуста,s,21.9
карандаш,s,80.3
карман,s,236.3
карта,s,99.3
картина,s,140.5
картинка,s,42.7
карточка,s,37.0
картошка,s,69.5
карьера,s,27.5
касаться,v,95.2
касса,s,26.6
кассета,s,22.3
кастрюля,s,23.7
катастрофа,s,20.8
кататься,v,26.3
катер,s,21.0
катиться,v,29.6
кафе,s,46.2
кафедра,s,19.1
качать,v,31.8
качаться,v,27.2
качество,s,78.6
каша,s,42.1
каюта,s,22.4
квадратный,a,26.4
квартал,s,25.9
квартира,s,368.8
кепка,s,22.1
кивать,v,53.2
кивнуть,v,214.1
кидать,v,19.5
килограмм,s,21.2
километр,s,77.2
кино,s,72.7
кинуть,v,34.8
кинуться,v,59.9
киоск,s,19.5
кипеть,v,23.8
кирпич,s,39.1
кирпичный,a,22.6
кисть,s,36.3
китаец,s,20.1
китайский,a,31.9
кладбище,s,57.7
класс,s,141.0
классный,a,19.5
класть,v,48.0
клетка,s,55.4
клиент,s,47.4
кличка,s,21.9
клок,s,24.9
клуб,s,69.1
ключ,s,119.7
клясться,v,32.9
клятва,s,18.5
книга,s,288.9
книжка,s,95.0
книжный,a,27.0
кнопка,s,50.7
князь,s,144.1
ко,pr,304.2
ковер,s,42.9
когда,advpro,169.2
когда,conj,2170.4
когда-нибудь,advpro,59.3
когда-то,advpro,145.9
кое-где,advpro,21.9
кое-как,advpro,29.5
кое-какой,apro,25.0
кое-кто,spro,21.6
кое-что,spro,66.1
кожа,s,108.6
кожаный,a,56.6
коза,s,25.8
козел,s,36.2
кой,apro,45.7
койка,s,49.3
колбаса,s,37.5
колебаться,v,21.5
коленка,s,24.6
колено,s,198.3
колесо,s,82.6
коли,conj,30.8
количество,s,64.4
коллега,s,51.5
коллектив,s,24.4
колодец,s,31.6
колонна,s,48.4
колхоз,s,43.8
кольцо,s,73.4
колючий,a,30.3
коляска,s,29.3
ком,s,19.3
команда,s,85.5
командир,s,141.0
командировка,s,30.7
командовать,v,36.3
командующий,s,21.0
комар,s,21.9
комендант,s,21.0
комиссар,s,27.8
комиссия,s,38.1
комитет,s,22.6
коммунизм,s,21.6
коммунист,s,32.1
комната,s,532.4
компания,s,109.3
комплекс,s,20.6
компьютер,s,43.5
комсомольский,a,18.9
конверт,s,40.8
конец,s,647.7
конечно,adv,742.3
конечно,part,20.6
конкретный,a,31.3
контакт,s,27.3
контора,s,44.6
контроль,s,23.4
конунг,s,26.0
конфета,s,31.1
концерт,s,33.5
кончать,v,33.2
кончаться,v,40.9
кончик,s,31.9
кончить,v,51.0
кончиться,v,134.3
конь,s,88.7
коньяк,s,66.5
копать,v,23.0
копейка,s,46.1
копия,s,21.5
копыто,s,20.6
копье,s,18.5
корабль,s,82.0
корень,s,45.3
корзина,s,28.8
коридор,s,200.8
коричневый,a,41.3
кормить,v,68.2
коробка,s,69.7
корова,s,70.7
королева,s,21.3
король,s,59.2
короткий,a,208.1
коротко,adv,60.7
корпус,s,45.3
корреспондент,s,20.7
корточки,s,27.3
коса,s,33.3
косить,v,19.1
космический,a,20.4
космос,s,24.0
коснуться,v,37.9
косой,a,21.5
костер,s,86.9
кость,s,73.8
костюм,s,97.4
косяк,s,19.1
кот,s,73.2
котел,s,25.4
котелок,s,20.8
котенок,s,25.2
который,apro,3102.6
кофе,s,102.1
кошка,s,74.9
кошмар,s,23.6
край,s,205.7
крайне,adv,29.0
крайний,a,90.4
кран,s,31.1
красавец,s,23.4
красавица,s,57.6
красиво,adv,32.6
красивый,a,227.1
краска,s,67.6
краснеть,v,22.9
красный,a,313.7
красота,s,88.3
краткий,a,19.7
крепкий,a,109.9
крепко,adv,90.9
крепость,s,32.0
кресло,s,163.0
крест,s,63.1
крестьянин,s,28.8
кривой,a,31.0
крик,s,122.1
крикнуть,v,178.2
кричать,v,278.2
кровавый,a,30.4
кровать,s,167.6
кровь,s,253.7
кроме,pr,263.2
крохотный,a,35.5
крошечный,a,26.3
крошка,s,25.3
круг,s,136.0
круглый,a,103.7
кругом,adv,53.3
кружить,v,20.3
кружиться,v,31.4
кружка,s,47.6
кружок,s,20.7
крупный,a,127.2
крутить,v,42.6
крутиться,v,29.5
круто,adv,21.8
крутой,a,59.2
крыло,s,81.5
крыльцо,s,78.3
крыса,s,25.6
крыша,s,131.0
крышка,s,47.1
крючок,s,29.8
кстати,adv,151.6
кто,spro,1804.4
кто-нибудь,spro,125.4
кто-то,spro,432.9
куда,advpro,550.1
куда-нибудь,advpro,31.6
куда-то,advpro,116.2
кузов,s,24.0
кукла,s,28.7
кулак,s,120.1
культура,s,50.0
культурный,a,21.2
купаться,v,26.8
купе,s,24.2
купить,v,219.5
купол,s,19.7
курить,v,116.8
курица,s,54.8
курс,s,86.7
курсант,s,23.5
куртка,s,77.8
кусок,s,116.1
кусочек,s,44.9
куст,s,114.0
кухня,s,207.8
кухонный,a,22.6
куча,s,62.4
кушать,v,23.6
лаборатория,s,47.8
лавка,s,46.1
лавочка,s,23.6
лагерный,a,19.8
лагерь,s,85.4
ладно,adv,38.9
ладно,part,219.4
ладонь,s,200.6
ладошка,s,20.4
лампа,s,57.3
лампочка,s,38.0
лапа,s,69.1
лапка,s,18.8
ласка,s,18.6
ласково,adv,48.4
ласковый,a,39.8
лев,s,62.7
левый,a,146.1
легенда,s,28.2
легкий,a,255.9
легко,adv,169.2
легкое,s,20.3
легкость,s,22.8
лед,s,68.4
ледяной,a,49.1
лежать,v,528.4
лезвие,s,19.8
лезть,v,90.5
лейтенант,s,152.9
лекарство,s,38.0
лекция,s,32.2
лениво,adv,29.4
ленивый,a,21.0
лента,s,35.7
лес,s,268.3
лесной,a,41.2
лестница,s,149.0
лестничный,a,21.6
летать,v,58.3
лететь,v,131.3
летний,a,51.9
лето,s,129.5
летчик,s,39.4
лечить,v,30.6
лечь,v,110.1
ли,conj,111.5
ли,part,1176.6
либо,conj,105.9
линия,s,85.2
липкий,a,19.3
лист,s,145.0
листва,s,22.8
листок,s,51.0
литература,s,75.5
литературный,a,46.3
литься,v,19.1
лифт,s,52.7
лицо,s,1099.3
лично,adv,79.3
личность,s,58.0
личный,a,94.2
лишить,v,44.2
лишний,a,96.4
лишь,part,471.5
лоб,s,162.3
ловить,v,77.9
ловко,adv,48.8
логика,s,28.9
лодка,s,91.8
ложиться,v,59.1
ложка,s,49.3
ложь,s,32.9
локоть,s,80.6
ломать,v,41.1
лопата,s,36.2
лопатка,s,19.4
лопнуть,v,26.5
лохматый,a,21.2
лошадь,s,129.6
луг,s,27.3
лужа,s,42.5
лук,s,24.9
луна,s,78.3
лунный,a,24.7
луч,s,62.6
лучше,part,158.9
лучший,a,395.7
лыжа,s,21.6
лысый,a,33.7
любезный,a,20.1
любимый,a,114.4
любитель,s,23.0
любить,v,642.3
любоваться,v,29.0
любовник,s,27.7
любовница,s,22.9
любовный,a,21.9
любовь,s,312.6
любой,apro,282.1
любопытный,a,29.4
любопытство,s,58.0
людской,a,22.1
люк,s,22.9
люсин,a,43.3
маг,s,31.2
магазин,s,149.3
магический,a,18.9
магнитофон,s,20.6
мадам,s,41.0
май,s,36.1
майка,s,26.4
майор,s,120.2
малейший,a,34.5
маленький,a,542.2
мало,adv,149.3
мало,num,120.2
малый,a,98.4
малыш,s,37.6
мальчик,s,321.3
мальчишка,s,97.7
мама,s,447.4
мамаша,s,23.9
мамин,a,30.8
мамочка,s,24.4
манера,s,37.1
марка,s,24.5
март,s,31.4
марш,s,21.1
маршрут,s,25.7
маска,s,31.8
масло,s,55.2
масса,s,48.2
мастер,s,72.3
мастерская,s,31.3
мат,s,20.1
материал,s,67.2
материальный,a,20.5
материя,s,21.0
матрос,s,36.0
матушка,s,30.3
мать,s,553.7
махать,v,42.8
махнуть,v,87.7
машина,s,602.1
машинально,adv,29.5
машинка,s,36.9
мгновение,s,96.0
мгновенно,adv,69.2
мебель,s,40.3
мед,s,21.3
медаль,s,21.6
медведь,s,46.1
медицинский,a,37.8
медленно,adv,220.1
медленный,a,30.5
медный,a,33.4
медсестра,s,26.2
меж,pr,44.2
между,pr,447.2
международный,a,23.3
мелкий,a,130.4
мелодия,s,24.5
мелочь,s,49.9
мелькать,v,36.0
мелькнуть,v,46.3
менее,adv,96.2
мент,s,39.8
меньше,num,65.9
меньший,a,23.2
менять,v,64.1
меняться,v,44.5
мера,s,141.4
мероприятие,s,18.5
мерседес,s,21.3
мертвый,a,106.1
мертвый,s,23.0
мерцать,v,24.0
местечко,s,19.1
местный,a,92.9
место,s,888.1
месяц,s,244.7
металл,s,29.8
металлический,a,49.1
метаться,v,35.8
метнуться,v,18.8
метод,s,29.9
метр,s,113.2
метро,s,59.2
механизм,s,25.1
меч,s,60.3
мечта,s,55.1
мечтать,v,83.7
мешать,v,129.1
мешок,s,99.8
миг,s,86.9
микрофон,s,20.9
милицейский,a,26.9
милиционер,s,71.1
милиция,s,106.7
миллион,s,77.9
милость,s,26.2
милый,a,137.5
мимо,adv,67.3
мимо,pr,132.3
мина,s,33.6
минимум,s,18.5
министерство,s,23.0
министр,s,46.6
миновать,v,44.7
минута,s,513.2
мир,s,454.7
мирно,adv,21.9
мирный,a,30.9
мировой,a,46.3
миска,s,22.6
мистер,s,21.1
младенец,s,32.3
младший,a,73.3
мнение,s,78.1
многие,spro,55.6
многий,apro,127.4
много,adv,81.4
много,num,423.7
многое,spro,76.0
многочисленный,a,25.6
множество,s,72.5
могила,s,72.9
могучий,a,45.3
мода,s,32.7
модель,s,24.3
модный,a,28.9
может,adv,398.4
можно,adv,864.5
мозг,s,91.4
мой,apro,2136.7
мокрый,a,127.1
мол,part,150.0
молитва,s,24.6
молиться,v,33.2
молния,s,41.7
молодежь,s,34.8
молоденький,a,27.0
молодец,s,65.9
молодой,a,467.9
молодость,s,52.8
молоко,s,67.8
молоток,s,18.8
молча,adv,165.2
молчаливый,a,34.8
молчание,s,74.2
молчать,v,295.0
момент,s,234.9
моментально,adv,20.1
монастырь,s,30.6
монах,s,26.4
монета,s,24.2
моральный,a,19.7
морда,s,70.7
море,s,186.7
мороженое,s,27.2
мороз,s,56.0
морской,a,67.6
морщина,s,18.7
морщиться,v,21.4
моряк,s,26.8
москвич,s,29.5
московский,a,96.8
мост,s,83.8
мостовая,s,20.7
мотив,s,18.6
мотор,s,56.1
мотоцикл,s,29.6
мочь,v,2862.4
мощный,a,54.7
мрак,s,27.6
мраморный,a,19.3
мрачно,adv,31.4
мрачный,a,44.5
мудрость,s,21.8
мудрый,a,26.5
муж,s,340.6
мужик,s,242.1
мужской,a,84.5
мужчина,s,333.4
музей,s,47.9
музыка,s,144.0
музыкальный,a,27.6
музыкант,s,24.6
мука,s,45.7
мундир,s,27.7
муравей,s,22.4
мусор,s,30.2
мутный,a,32.4
муха,s,51.0
мучительно,adv,24.2
мучительный,a,27.9
мучить,v,39.6
мучиться,v,23.9
мчаться,v,35.5
мы,spro,4311.8
мыло,s,21.5
мысленно,adv,40.8
мыслить,v,19.1
мысль,s,410.7
мыть,v,40.9
мышка,s,68.5
мышца,s,19.8
мышь,s,36.1
мэр,s,33.7
мягкий,a,115.0
мягко,adv,56.7
мясо,s,74.1
мяч,s,27.2
на,pr,16688.4
набережная,s,31.6
набирать,v,32.4
набить,v,36.9
наблюдать,v,103.1
наблюдение,s,30.3
набор,s,20.3
набрать,v,61.1
навалиться,v,20.6
наверно,adv,97.4
наверное,adv,295.8
наверняка,adv,71.8
наверх,adv,39.1
наверху,adv,35.4
навести,v,23.7
навестить,v,18.9
навсегда,advpro,93.8
навстречу,adv,100.1
наглый,a,21.0
нагнуться,v,23.2
награда,s,23.9
над,pr,696.7
надевать,v,32.4
надежда,s,162.3
надежный,a,34.9
надеть,v,89.5
надеяться,v,155.5
надо,adv,1295.9
надо,pr,20.1
надоесть,v,67.0
надолго,adv,38.5
надпись,s,57.2
нажать,v,44.2
назад,adv,337.0
название,s,88.3
назвать,v,149.3
назначение,s,26.2
назначить,v,56.0
называть,v,213.3
называться,v,126.9
наиболее,adv,33.9
наивный,a,25.5
найти,v,498.3
найтись,v,76.7
наказание,s,27.7
наказать,v,27.2
накинуть,v,21.2
наклониться,v,49.1
наконец,adv,373.1
накрыть,v,40.7
налево,adv,28.4
наливать,v,27.0
налить,v,69.0
намек,s,32.2
намекать,v,19.5
намерение,s,27.6
нанести,v,26.3
наоборот,adv,106.0
напасть,v,24.9
напечатать,v,25.4
написать,v,298.3
напиток,s,27.0
напиться,v,31.6
наплевать,v,21.0
наполнить,v,37.3
наполовину,adv,22.5
напоминать,v,111.5
напомнить,v,62.1
направить,v,44.3
направиться,v,63.6
направление,s,74.5
направляться,v,23.2
направо,adv,29.4
напрасно,adv,35.5
например,adv,163.0
напротив,adv,61.6
напротив,pr,35.6
напряжение,s,44.0
напряженно,adv,22.4
напряженный,a,29.7
напрячься,v,22.4
напугать,v,24.5
нарастать,v,18.7
нарисовать,v,48.3
наркотик,s,20.4
народ,s,280.2
народный,a,50.9
нарочно,adv,36.8
наружу,adv,38.8
нарушать,v,23.6
нарушить,v,31.7
нары,s,22.5
наряд,s,22.1
население,s,31.7
насквозь,adv,27.9
насколько,adv,54.9
наслаждаться,v,23.2
наслаждение,s,32.8
насмешливо,adv,24.9
настаивать,v,32.9
настать,v,26.2
настойчиво,adv,18.7
настолько,adv,84.7
насторожиться,v,19.5
настоящий,a,228.8
настроение,s,80.0
наступать,v,44.2
наступить,v,84.6
наступление,s,22.3
насчет,pr,98.8
наткнуться,v,26.9
натура,s,33.5
натянуть,v,34.3
наука,s,109.9
научить,v,40.5
научиться,v,59.6
научный,a,51.9
нахмуриться,v,33.8
находить,v,80.2
находиться,v,200.4
национальный,a,28.0
начало,s,179.3
начальник,s,193.8
начальство,s,74.6
начать,v,538.7
начаться,v,163.2
начинать,v,281.7
начинаться,v,95.1
наш,apro,1288.0
нащупать,v,20.7
не,part,22284.8
небесный,a,34.8
небо,s,307.9
небольшой,a,159.9
небось,part,34.8
небрежно,adv,31.9
неведомый,a,38.2
невероятный,a,42.4
невеста,s,43.7
невидимый,a,55.0
невинный,a,23.1
невозможно,adv,90.8
невозможный,a,53.7
невольно,adv,47.8
невыносимый,a,22.3
невысокий,a,27.7
негодяй,s,23.7
негр,s,20.5
негромко,adv,49.6
недавний,a,26.6
недавно,adv,111.1
недалеко,adv,37.8
недаром,adv,20.3
неделя,s,223.8
недовольно,adv,29.2
недовольный,a,33.5
недолго,adv,35.1
недостаток,s,25.8
недоумение,s,33.2
нежно,adv,32.0
нежность,s,36.7
нежный,a,67.0
незаметно,adv,55.8
незнакомец,s,20.8
незнакомый,a,77.2
неизбежный,a,20.4
неизвестно,adv,75.8
неизвестный,a,62.9
некий,apro,97.1
некогда,advpro,27.0
некоторые,spro,27.4
некоторый,apro,257.1
некрасивый,a,21.2
некуда,adv,45.7
нелепый,a,41.9
неловко,adv,45.5
нельзя,adv,344.3
немало,num,25.7
немалый,a,20.4
немедленно,adv,106.7
немец,s,185.3
немецкий,a,114.8
немного,adv,223.0
немного,num,32.2
немножко,adv,50.8
немой,a,19.0
немолодой,a,19.8
немыслимый,a,19.6
ненавидеть,v,69.4
ненависть,s,62.8
ненадолго,adv,24.6
ненужный,a,28.3
необходимо,adv,38.7
необходимость,s,41.1
необходимый,a,75.5
необыкновенный,a,26.7
необычный,a,31.9
неожиданно,adv,166.1
неожиданность,s,31.9
неожиданный,a,73.3
неплохо,adv,41.0
неплохой,a,30.0
неподалеку,adv,34.4
неподвижно,adv,31.0
неподвижный,a,32.8
непонятно,adv,49.9
непонятный,a,71.1
неправда,s,23.3
неправильный,a,19.0
непременно,adv,56.2
неприятно,adv,23.7
неприятность,s,39.7
неприятный,a,61.3
нерв,s,39.8
нервничать,v,27.2
нервно,adv,28.5
нервный,a,48.1
несколько,adv,78.8
несколько,num,562.2
несмотря,adv,91.9
несомненно,adv,25.4
нести,v,138.1
нестись,v,43.4
несчастный,a,80.2
несчастье,s,37.0
нет,adv,1013.1
нет,part,929.3
нетерпеливо,adv,26.4
нетерпение,s,26.5
нет-нет,part,18.7
неторопливо,adv,31.7
нету,adv,77.9
неудача,s,19.6
неудобно,adv,27.9
неужели,part,140.4
нехороший,a,29.7
нехорошо,adv,26.3
нехотя,adv,22.9
нечего,advpro,106.0
нечто,spro,91.3
неясный,a,26.5
ни,conj,674.0
ни,part,1093.1
нигде,advpro,48.7
нижний,a,66.6
низ,s,18.6
низкий,a,118.6
низко,adv,27.8
никак,advpro,198.6
никакой,apro,444.4
никогда,advpro,516.1
никто,spro,792.7
никуда,advpro,83.6
нисколько,advpro,27.9
нитка,s,29.3
нить,s,24.0
ничего,advpro,33.6
ничто,spro,1380.0
ничуть,advpro,28.1
но,conj,6154.8
новенький,a,36.2
новость,s,61.3
новый,a,688.0
нога,s,834.6
ноготь,s,43.1
нож,s,103.9
ножка,s,52.0
ноздря,s,24.8
номер,s,212.1
нора,s,23.7
норма,s,27.7
нормально,adv,26.4
нормальный,a,102.7
норовить,v,24.1
нос,s,260.2
носить,v,113.3
носиться,v,24.0
носок,s,44.5
нота,s,23.0
ночевать,v,40.3
ночной,a,129.1
ночь,s,625.6
ноябрь,s,21.2
нравиться,v,200.2
ну,part,1792.6
нужда,s,34.9
нуждаться,v,31.6
нужно,adv,321.4
нужный,a,393.4
ну-ка,intj,36.8
ныне,adv,31.0
нынешний,a,53.9
нынче,adv,50.2
нырнуть,v,24.5
о,intj,113.6
о,pr,2569.6
об,pr,516.7
оба,num,309.9
обвести,v,19.3
обед,s,94.2
обедать,v,27.6
обезьяна,s,23.5
обернуться,v,113.6
обеспечить,v,25.2
обещание,s,21.8
обещать,v,128.9
обида,s,68.0
обидеть,v,46.8
обидеться,v,59.4
обидно,adv,30.2
обижать,v,20.5
обижаться,v,37.7
обладать,v,43.8
облако,s,75.3
областной,a,18.7
область,s,56.5
облегчение,s,43.1
облик,s,27.7
обломок,s,20.2
обман,s,21.6
обмануть,v,44.5
обманывать,v,23.8
обмен,s,19.9
обнаружить,v,114.7
обнаружиться,v,19.0
обнимать,v,35.2
обнять,v,65.9
обо,pr,82.8
обожать,v,27.3
обойти,v,40.3
обойтись,v,58.6
оборачиваться,v,38.1
оборвать,v,28.8
оборона,s,25.2
оборот,s,22.6
обочина,s,23.0
обрадоваться,v,83.5
образ,s,209.1
образец,s,21.1
образование,s,37.9
образоваться,v,25.7
обратить,v,79.9
обратиться,v,86.2
обратно,adv,139.1
обратный,a,47.4
обращать,v,66.8
обращаться,v,82.4
обрести,v,31.1
обрушиться,v,19.6
обрыв,s,27.4
обрывок,s,21.3
обстановка,s,48.5
обстоятельство,s,84.0
обсуждать,v,36.9
обувь,s,21.6
обхватить,v,25.2
обходить,v,25.1
общаться,v,27.4
общее,s,32.9
общежитие,s,32.7
общение,s,29.1
общественный,a,40.7
общество,s,86.8
общий,a,269.6
объект,s,34.3
объявить,v,87.9
объявление,s,25.6
объявлять,v,19.6
объяснение,s,45.8
объяснить,v,215.1
объяснять,v,102.0
объясняться,v,18.5
объятие,s,29.5
обыкновенный,a,55.8
обычай,s,23.7
обычно,adv,134.8
обычный,a,133.0
обязанность,s,38.8
обязанный,a,37.4
обязательно,adv,115.9
обязать,v,23.2
овраг,s,27.6
оглядеть,v,39.8
оглядеться,v,36.4
оглядывать,v,21.3
оглядываться,v,60.7
оглянуться,v,91.5
огненный,a,24.4
огонек,s,45.0
огонь,s,195.8
огород,s,46.7
ограда,s,31.8
огромный,a,278.5
огурец,s,24.7
одеваться,v,31.5
одежда,s,110.0
одетый,a,37.3
одеть,v,50.2
одеться,v,27.9
одеяло,s,74.5
один,anum,588.6
один,apro,2183.5
одинаково,adv,25.6
одинаковый,a,43.6
одиннадцать,num,34.9
одинокий,a,67.5
одиночество,s,56.0
одиночка,s,20.1
однажды,adv,209.3
однако,adv,36.2
однако,conj,293.7
одновременно,adv,96.8
оживиться,v,20.7
ожидание,s,72.6
ожидать,v,144.5
ожить,v,20.6
озеро,s,73.3
озираться,v,21.4
означать,v,59.8
ой,intj,99.0
оказать,v,18.5
оказаться,v,532.3
оказываться,v,135.0
океан,s,51.9
окликнуть,v,24.4
окно,s,517.1
около,pr,125.3
окончание,s,24.4
окончательно,adv,77.5
окончательный,a,19.1
окончить,v,29.4
окоп,s,25.6
окошко,s,48.8
окраина,s,24.8
окружать,v,31.8
окружающее,s,18.7
окружение,s,28.5
окружить,v,40.1
октябрь,s,26.8
окурок,s,25.3
он,spro,17713.3
она,spro,9048.2
они,spro,5502.4
оно,spro,414.2
опаздывать,v,21.6
опасаться,v,36.6
опасность,s,58.7
опасный,a,87.4
операция,s,79.3
опираться,v,22.0
описать,v,32.9
описывать,v,19.5
опоздать,v,36.8
опомниться,v,30.0
оправдываться,v,23.7
определенно,adv,18.5
определенный,a,46.6
определить,v,58.7
определять,v,21.2
опрокинуть,v,22.9
опускать,v,27.0
опускаться,v,27.6
опустеть,v,20.5
опустить,v,114.6
опуститься,v,60.7
опыт,s,97.2
опытный,a,36.3
опять,adv,576.7
оранжевый,a,24.3
орать,v,81.6
орган,s,52.3
организация,s,41.0
организм,s,34.6
организовать,v,24.7
орден,s,45.9
орел,s,25.7
орех,s,19.5
оркестр,s,31.2
орудие,s,39.3
оружие,s,111.6
осведомиться,v,20.8
осветить,v,52.5
освободить,v,39.3
освободиться,v,27.4
осенний,a,38.6
осень,s,72.8
осколок,s,32.4
оскорбить,v,20.3
осматривать,v,19.4
осмотреть,v,37.1
основа,s,30.0
основание,s,47.2
основное,s,23.1
основной,a,56.6
особенно,adv,217.2
особенность,s,29.3
особенный,a,60.7
особняк,s,18.6
особо,adv,39.2
особый,a,144.1
осознать,v,26.4
оставаться,v,295.5
оставить,v,284.0
оставлять,v,86.0
остальное,spro,57.5
остальной,apro,81.7
остальные,spro,56.5
останавливать,v,20.9
останавливаться,v,64.2
остановить,v,100.5
остановиться,v,263.3
остановка,s,51.7
остаток,s,63.3
остаться,v,586.7
осторожно,adv,140.3
осторожный,a,35.2
остро,adv,20.2
остров,s,84.8
острый,a,93.5
остынуть,v,22.0
от,pr,3615.3
отбросить,v,28.4
отвезти,v,30.6
отвернуться,v,63.3
отвести,v,59.3
ответ,s,235.8
ответить,v,628.4
ответственность,s,33.6
ответственный,a,23.5
отвечать,v,266.8
отводить,v,20.5
отвратительный,a,29.6
отвращение,s,29.1
отдавать,v,69.4
отдать,v,179.6
отдел,s,81.1
отделение,s,62.0
отдельно,adv,31.8
отдельный,a,74.8
отдохнуть,v,48.6
отдых,s,45.2
отдыхать,v,50.2
отель,s,24.9
отец,s,623.3
отечественный,a,21.5
отказ,s,24.3
отказать,v,32.2
отказаться,v,99.6
отказываться,v,45.3
откинуть,v,23.9
откинуться,v,25.4
откликнуться,v,26.0
откровенно,adv,29.5
откровенный,a,20.2
открывать,v,104.8
открываться,v,36.1
открытие,s,43.0
открытый,a,113.5
открыть,v,302.3
открыться,v,72.8
откуда,advpro,253.7
откуда-то,advpro,41.0
отличаться,v,49.8
отличие,s,39.8
отлично,adv,58.1
отличный,a,43.5
отложить,v,33.1
отмахнуться,v,25.1
отменить,v,18.6
отметить,v,61.5
отмечать,v,20.2
отнести,v,30.6
относиться,v,89.6
отношение,s,204.5
отнюдь,adv,26.5
отнять,v,35.5
отобрать,v,31.0
отодвинуть,v,25.7
отозваться,v,69.3
отойти,v,90.2
оторвать,v,46.5
оторваться,v,34.7
отправить,v,75.0
отправиться,v,96.4
отправлять,v,21.4
отправляться,v,30.4
отпуск,s,43.8
отпускать,v,37.2
отпустить,v,96.5
отравить,v,20.2
отражаться,v,19.0
отражение,s,25.0
отрезать,v,45.8
отрывать,v,19.9
отрываться,v,22.8
отряд,s,52.4
отставать,v,21.6
отстать,v,32.8
отступать,v,28.5
отступить,v,31.8
отсутствие,s,61.7
отсутствовать,v,21.1
отсюда,advpro,115.9
оттенок,s,28.5
оттого,advpro,77.0
оттуда,advpro,118.3
отходить,v,31.7
отцовский,a,20.5
отчасти,adv,20.5
отчаяние,s,58.8
отчаянно,adv,30.7
отчаянный,a,32.7
отчего,advpro,76.4
отчего-то,advpro,18.9
отчет,s,31.3
отчетливо,adv,38.8
отъезд,s,37.8
отыскать,v,37.5
офис,s,28.2
офицер,s,146.4
офицерский,a,23.9
официальный,a,27.7
официант,s,39.9
официантка,s,20.2
ох,intj,68.6
охватить,v,38.5
охота,s,50.1
охотник,s,38.6
охотно,adv,35.2
охрана,s,62.6
охранник,s,60.3
охранять,v,24.8
оценить,v,41.4
очевидно,adv,66.5
очевидный,a,21.8
очень,adv,1174.3
очередной,a,103.2
очередь,s,181.5
очки,s,94.5
очнуться,v,41.2
очутиться,v,32.6
ошибаться,v,33.7
ошибиться,v,45.2
ошибка,s,79.0
ощутить,v,60.5
ощущать,v,72.6
ощущение,s,98.8
падать,v,127.2
падение,s,24.0
пакет,s,59.9
палата,s,63.5
палатка,s,41.2
палач,s,21.0
палец,s,435.6
палка,s,52.2
палочка,s,29.2
палуба,s,33.8
пальма,s,20.1
пальто,s,93.4
пальчик,s,19.6
памятник,s,43.3
память,s,176.6
пан,s,20.2
паника,s,21.4
папа,s,190.3
папаша,s,20.8
папироса,s,35.9
папка,s,56.7
пар,s,35.5
пара,s,168.0
парадный,a,21.9
парень,s,253.6
парк,s,58.6
паровоз,s,18.5
пароход,s,35.9
парочка,s,21.6
парта,s,24.7
партийный,a,29.9
партия,s,90.0
партнер,s,20.6
парус,s,21.8
паспорт,s,51.6
пассажир,s,52.8
пасть,s,23.8
пасть,v,23.3
патрон,s,33.9
пауза,s,78.0
паук,s,20.4
паутина,s,18.5
пахнуть,v,131.0
пацан,s,38.6
пациент,s,19.8
пачка,s,65.7
певец,s,20.6
пейзаж,s,24.6
пена,s,23.7
пенсия,s,35.4
пепел,s,20.7
пепельница,s,19.5
первый,anum,997.6
перебивать,v,22.8
перебирать,v,31.6
перебить,v,62.8
перебраться,v,19.9
перевернуть,v,29.1
перевести,v,75.6
перевод,s,25.4
переводить,v,31.9
переглянуться,v,21.4
переговоры,s,26.1
перед,pr,760.3
передавать,v,43.3
передать,v,118.8
передача,s,35.9
передний,a,45.8
передо,pr,35.1
передумать,v,20.2
переехать,v,24.5
переживать,v,45.1
пережить,v,43.9
перейти,v,96.5
перекресток,s,18.8
перемена,s,39.3
перенести,v,29.2
перерыв,s,26.9
пересечь,v,21.6
переспросить,v,39.4
переставать,v,31.4
перестать,v,158.4
переулок,s,53.6
перехватить,v,33.2
переход,s,38.0
переходить,v,48.4
перила,s,22.2
период,s,34.5
перо,s,46.9
перрон,s,18.6
персонаж,s,19.9
перспектива,s,25.8
перчатка,s,28.9
пес,s,59.2
песенка,s,19.8
песня,s,117.8
песок,s,83.8
пестрый,a,28.8
петля,s,30.2
петух,s,28.5
петь,v,157.4
пехота,s,18.6
печаль,s,27.2
печально,adv,30.9
печальный,a,48.9
печатать,v,22.1
печать,s,35.4
печка,s,50.3
печь,s,45.1
пешком,adv,32.3
пещера,s,31.7
пиво,s,84.0
пиджак,s,71.8
пират,s,30.2
пирог,s,22.4
пирожок,s,19.9
писатель,s,121.8
писать,v,363.8
пистолет,s,101.3
письменный,a,35.6
письмо,s,238.3
пить,v,336.8
пища,s,33.9
плавать,v,49.6
плавно,adv,21.4
плакат,s,21.2
плакать,v,180.0
пламя,s,50.0
план,s,123.9
планета,s,54.7
пластинка,s,21.9
платить,v,78.9
платок,s,80.7
платформа,s,27.3
платье,s,103.1
плащ,s,55.8
плевать,v,33.0
племя,s,24.8
племянник,s,26.3
плен,s,25.7
пленка,s,23.8
плечо,s,477.5
плита,s,46.3
плод,s,28.8
плоский,a,40.3
плотно,adv,35.1
плотный,a,48.4
плоть,s,28.5
плохо,adv,164.2
плохой,a,262.1
площадка,s,71.1
площадь,s,99.1
плыть,v,77.5
плюнуть,v,33.5
плюс,conj,21.4
пляж,s,31.1
плясать,v,25.6
по,pr,4736.9
победа,s,76.5
победитель,s,19.5
победить,v,42.1
побежать,v,125.3
побить,v,22.7
поблагодарить,v,21.2
побледнеть,v,22.2
поблескивать,v,19.7
поблизости,adv,19.4
побрести,v,18.9
побывать,v,36.1
поведение,s,48.8
повезти,v,73.8
поверить,v,151.6
повернуть,v,85.1
повернуться,v,153.0
поверх,pr,36.3
поверхность,s,48.7
повесить,v,56.5
повести,v,77.4
повесть,s,28.8
по-видимому,adv,30.7
повиснуть,v,31.4
повод,s,105.1
поворачивать,v,27.5
поворачиваться,v,32.7
поворот,s,58.6
повсюду,advpro,25.8
повторить,v,142.3
повторять,v,100.4
повторяться,v,18.5
погаснуть,v,28.3
погибнуть,v,99.3
погладить,v,38.0
поглядеть,v,89.6
поглядывать,v,57.4
поговорить,v,129.5
погода,s,58.1
погодить,v,46.5
погон,s,25.0
погрузить,v,20.2
погрузиться,v,19.7
погубить,v,18.6
погулять,v,21.2
под,pr,1406.4
подавать,v,57.9
подавить,v,18.8
подарить,v,65.2
подарок,s,74.1
подать,v,101.0
податься,v,27.1
подбежать,v,28.9
подбирать,v,21.6
подбородок,s,55.3
подвал,s,50.3
подвести,v,38.6
подвиг,s,36.7
подводный,a,21.3
подготовить,v,26.4
подготовка,s,23.0
поддаваться,v,19.5
поддержать,v,40.3
поддерживать,v,39.6
поддержка,s,22.8
поделать,v,38.3
поделиться,v,24.0
поджать,v,18.5
подземный,a,23.7
подлец,s,21.0
подлинный,a,24.9
подлый,a,20.9
подмигнуть,v,31.2
поднести,v,33.2
поднимать,v,82.2
подниматься,v,119.1
поднос,s,22.5
поднять,v,308.9
подняться,v,258.5
подобно,pr,25.2
подобный,a,159.0
подобрать,v,44.4
подождать,v,104.5
подозревать,v,59.7
подозрение,s,37.8
подозрительно,adv,20.2
подозрительный,a,22.9
подойти,v,335.9
подоконник,s,46.1
подписать,v,38.0
подпись,s,32.6
подполковник,s,38.5
подробно,adv,23.7
подробность,s,52.8
подросток,s,29.4
подруга,s,122.4
по-другому,advpro,28.8
подружка,s,31.6
подряд,adv,29.9
подсказать,v,32.1
подскочить,v,22.9
подставить,v,26.6
подтвердить,v,71.0
подтверждать,v,19.4
подумать,v,626.4
подушка,s,70.2
подхватить,v,65.7
подходить,v,147.1
подходящий,a,28.2
подчеркнуть,v,20.6
подчиняться,v,23.9
подъезд,s,97.9
подъем,s,27.4
подъехать,v,36.4
поезд,s,125.0
поездка,s,41.1
поесть,v,27.9
поехать,v,231.6
пожалеть,v,54.2
пожаловаться,v,21.3
пожалуй,adv,112.2
пожалуйста,part,158.3
пожар,s,35.3
пожать,v,114.2
пожелать,v,30.6
пожилой,a,64.2
пожимать,v,20.6
пожить,v,26.5
поза,s,43.3
позабыть,v,26.1
позади,adv,32.0
позади,pr,19.1
позвать,v,94.5
позволить,v,118.8
позволять,v,65.2
позвонить,v,189.7
поздний,a,122.4
поздно,adv,117.7
поздороваться,v,29.7
поздравлять,v,24.8
позиция,s,45.7
познакомиться,v,65.0
позор,s,24.2
поинтересоваться,v,75.0
поиск,s,63.0
поискать,v,23.8
поймать,v,100.2
пойти,v,953.7
пока,adv,208.6
пока,conj,481.8
показание,s,23.5
показать,v,246.8
показаться,v,239.2
показывать,v,138.4
покатиться,v,21.6
покачать,v,81.1
покачиваться,v,30.0
покидать,v,31.9
покинуть,v,57.7
поклон,s,18.6
поклониться,v,31.4
покой,s,83.7
покойник,s,31.9
покойный,a,35.6
поколение,s,41.1
покончить,v,25.7
покорно,adv,25.0
покоситься,v,31.3
покраснеть,v,39.6
покрыть,v,56.7
покупатель,s,21.6
покупать,v,62.0
покурить,v,20.6
пол,num,22.4
пол,s,302.2
полагать,v,64.0
полагаться,v,50.9
полгода,s,38.0
полдень,s,32.8
поле,s,173.5
полевой,a,19.4
полезный,a,37.8
полезть,v,69.1
полет,s,44.5
полететь,v,50.9
ползать,v,20.5
ползти,v,44.3
политика,s,35.0
политический,a,52.0
полицейский,s,20.0
полиция,s,36.7
полк,s,65.4
полка,s,62.8
полковник,s,152.3
полно,adv,27.6
полностью,adv,64.4
полночь,s,26.1
полный,a,365.2
половина,s,135.5
положение,s,121.3
положенный,a,43.9
положить,v,249.1
полоса,s,60.3
полоска,s,26.1
полотенце,s,38.8
полтора,num,64.6
получать,v,97.3
получаться,v,132.4
получить,v,306.8
получиться,v,159.0
полчаса,s,63.7
польза,s,48.2
пользоваться,v,72.6
полюбить,v,37.7
поляна,s,29.8
помахать,v,23.8
помереть,v,35.6
помешать,v,36.4
помещение,s,64.1
помимо,pr,28.2
помнить,v,453.6
помниться,v,20.1
помогать,v,117.5
помолчать,v,78.5
поморщиться,v,33.6
помочь,v,243.3
помощник,s,54.5
помощь,s,173.9
помчаться,v,23.3
понадобиться,v,53.0
по-настоящему,adv,40.4
поначалу,adv,36.6
понедельник,s,19.6
понемногу,adv,19.2
понести,v,37.9
понимание,s,34.8
понимать,v,795.7
понравиться,v,101.3
понятие,s,59.9
понятно,adv,98.8
понятный,a,63.1
понять,v,928.2
пообещать,v,42.6
поп,s,24.1
попадать,v,48.1
попадаться,v,34.8
попасть,v,230.8
попасться,v,52.9
попить,v,21.0
поплыть,v,31.7
пополам,adv,22.0
поползти,v,21.2
поправить,v,49.0
по-прежнему,adv,91.2
попробовать,v,122.5
попросить,v,194.5
попросту,adv,25.3
попрощаться,v,26.4
попытаться,v,101.7
попытка,s,64.8
пора,adv,112.0
пора,s,315.0
поработать,v,19.2
поражение,s,18.6
поразить,v,53.0
порвать,v,20.8
порог,s,104.0
порода,s,25.2
порт,s,25.2
портить,v,20.6
портрет,s,79.9
портфель,s,53.2
по-русски,adv,36.3
поручик,s,37.3
поручить,v,23.5
порция,s,20.1
порыв,s,33.0
порядок,s,194.7
порядочный,a,21.7
посадить,v,69.5
посадка,s,20.1
по-своему,advpro,27.8
посвятить,v,28.7
поселиться,v,22.0
поселок,s,55.3
посетитель,s,34.5
посетить,v,19.8
посещать,v,20.2
посидеть,v,61.3
поскольку,conj,114.5
послать,v,100.6
после,adv,20.6
после,pr,860.9
последний,a,626.9
последовать,v,40.1
последствие,s,25.0
послушать,v,83.9
послушно,adv,27.7
послышаться,v,60.0
посмеиваться,v,20.5
посметь,v,19.0
посмеяться,v,18.7
посмотреть,v,540.2
посоветовать,v,42.2
поспешить,v,29.6
поспешно,adv,43.8
посреди,pr,61.3
пост,s,44.5
поставить,v,256.1
постараться,v,52.8
постель,s,115.7
постепенно,adv,77.5
посторонний,a,44.6
постоянно,adv,70.6
постоянный,a,46.9
постоять,v,71.5
построить,v,55.8
поступать,v,44.6
поступить,v,68.5
поступок,s,47.5
постучать,v,39.8
посуда,s,42.5
посылать,v,43.6
пот,s,56.7
потащить,v,24.6
потемнеть,v,20.2
потереть,v,22.8
потерпеть,v,23.6
потеря,s,35.3
потерять,v,157.9
потечь,v,19.2
потихоньку,adv,31.9
потный,a,20.7
поток,s,58.1
потолок,s,98.1
потом,advpro,1482.4
потому,advpro,896.3
потребовать,v,48.0
потрогать,v,19.4
потрясти,v,42.5
потянуть,v,51.3
потянуться,v,55.7
похвалить,v,20.1
похлопать,v,20.6
поход,s,40.0
походить,v,46.6
походка,s,27.7
похоже,adv,80.4
похожий,a,302.1
похоронить,v,27.9
похороны,s,37.0
поцеловать,v,67.4
поцелуй,s,35.3
почва,s,27.7
почему,advpro,695.3
почему-то,advpro,212.3
почерк,s,22.9
почитать,v,25.5
почта,s,28.3
почти,adv,556.7
почувствовать,v,205.4
пошутить,v,24.8
поэзия,s,25.1
поэт,s,110.9
поэтому,advpro,258.7
появиться,v,282.1
появление,s,49.6
появляться,v,102.6
пояс,s,54.4
пояснить,v,56.3
правда,adv,267.9
правда,s,216.2
правило,s,95.0
правильно,adv,118.6
правильный,a,75.9
правительство,s,35.2
право,s,170.5
правый,a,269.8
праздник,s,81.9
праздничный,a,22.3
практика,s,25.8
практически,adv,37.2
прапорщик,s,23.4
пребывать,v,25.8
превратить,v,27.5
превратиться,v,66.0
превращаться,v,33.1
предать,v,22.3
предел,s,54.0
предлагать,v,89.5
предложение,s,62.4
предложить,v,160.6
предмет,s,87.6
предок,s,30.0
предоставить,v,21.8
предполагать,v,44.4
предположение,s,22.1
предположить,v,42.1
предпочитать,v,36.5
предприятие,s,23.7
председатель,s,70.2
представитель,s,44.8
представить,v,164.1
представиться,v,32.4
представление,s,49.0
представлять,v,156.3
представляться,v,39.2
предстоять,v,56.9
предстоящий,a,18.9
предупредить,v,66.2
предупреждать,v,36.1
предчувствие,s,26.4
предъявить,v,19.3
предыдущий,a,22.8
прежде,adv,99.2
прежде,pr,68.2
прежний,a,112.2
президент,s,42.0
презирать,v,24.1
презрение,s,21.3
презрительно,adv,20.9
прекрасно,adv,70.5
прекрасный,a,154.2
прекратить,v,42.9
прелесть,s,22.9
премия,s,23.1
преодолеть,v,20.4
преподаватель,s,19.0
прервать,v,44.5
преследовать,v,24.5
преступление,s,46.8
преступник,s,36.5
претензия,s,18.7
при,pr,759.0
прибавить,v,24.8
прибежать,v,27.9
приближаться,v,61.5
приблизиться,v,40.3
прибор,s,40.8
прибыть,v,56.9
привезти,v,100.8
привести,v,121.1
привет,s,57.6
приветствовать,v,24.2
привлекать,v,19.9
привлечь,v,27.6
приводить,v,39.0
привыкнуть,v,116.7
привычка,s,62.1
привычно,adv,22.5
привычный,a,61.8
привязать,v,33.0
пригласить,v,88.2
приглашать,v,47.3
приглашение,s,26.1
приговаривать,v,21.2
приговор,s,22.7
пригодиться,v,24.0
приготовить,v,46.3
приготовиться,v,20.7
придавать,v,29.1
придать,v,21.9
придумать,v,123.9
придумывать,v,20.6
приезд,s,31.9
приезжать,v,85.0
прием,s,56.9
приемная,s,24.1
приехать,v,274.2
прижать,v,55.1
прижаться,v,41.0
прижимать,v,29.8
признавать,v,32.5
признаваться,v,27.4
признак,s,37.9
признание,s,25.4
признать,v,46.2
признаться,v,81.0
призывать,v,18.9
прийти,v,674.1
прийтись,v,318.2
приказ,s,86.6
приказать,v,108.4
приключение,s,26.0
прикосновение,s,20.6
прикрывать,v,28.7
прикрыть,v,69.3
прилавок,s,25.7
прилететь,v,28.6
приличный,a,44.8
приложить,v,32.0
пример,s,80.8
примерно,adv,52.6
примета,s,22.7
принадлежать,v,73.5
принести,v,189.2
принимать,v,137.0
приниматься,v,26.4
приносить,v,60.9
принц,s,36.4
принцесса,s,21.9
принцип,s,55.4
принять,v,247.6
приняться,v,119.8
приобрести,v,37.1
приоткрыть,v,32.6
приподнять,v,35.5
приподняться,v,24.3
припомнить,v,23.4
природа,s,118.9
присесть,v,73.3
прислать,v,48.3
прислониться,v,18.7
прислушаться,v,25.2
прислушиваться,v,47.8
присниться,v,23.9
приставать,v,19.3
пристально,adv,27.6
приступ,s,31.5
приступить,v,20.5
присутствие,s,54.5
присутствовать,v,45.2
притворяться,v,20.3
притихнуть,v,23.4
прихватить,v,27.0
приход,s,29.5
приходить,v,252.0
приходиться,v,134.6
прихожая,s,45.6
причем,conj,97.0
прическа,s,22.7
причина,s,134.7
прищуриться,v,20.6
приятель,s,84.0
приятно,adv,65.8
приятный,a,83.7
про,pr,609.4
пробежать,v,28.3
пробираться,v,22.3
пробить,v,25.3
пробка,s,28.4
проблема,s,116.1
пробовать,v,47.5
пробормотать,v,73.1
провал,s,20.9
провалиться,v,32.4
проверить,v,80.1
проверка,s,27.3
проверять,v,48.2
провести,v,131.1
провод,s,36.0
проводить,v,106.3
проводник,s,19.2
провожать,v,48.1
проволока,s,27.2
проглотить,v,26.8
прогнать,v,18.9
проговорить,v,101.7
программа,s,50.8
прогулка,s,32.5
продавать,v,50.3
продавец,s,26.7
продавщица,s,27.2
продать,v,67.3
продолжать,v,306.5
продолжаться,v,45.4
продолжение,s,26.2
продолжить,v,53.2
продукт,s,45.4
проект,s,30.2
проем,s,22.4
проехать,v,34.5
проживать,v,19.3
прожить,v,75.3
прозвище,s,21.7
прозвучать,v,35.3
прозрачный,a,59.5
проиграть,v,23.9
произведение,s,27.6
произвести,v,47.1
производить,v,30.4
производство,s,32.5
произнести,v,215.9
произносить,v,51.0
произойти,v,171.3
происходить,v,174.3
происхождение,s,24.4
происшествие,s,24.7
пройти,v,426.7
пройтись,v,33.5
проклятый,a,51.7
прокуратура,s,21.8
прокурор,s,35.1
пролететь,v,18.7
промолчать,v,36.4
пронестись,v,21.2
пронзительный,a,19.7
проникнуть,v,26.1
пропадать,v,33.9
пропасть,s,26.3
пропасть,v,98.3
пропускать,v,27.9
пропустить,v,54.1
прорваться,v,18.9
просидеть,v,21.7
просить,v,297.5
проснуться,v,120.6
проспект,s,27.8
проститутка,s,19.4
простить,v,166.0
просто,adv,96.2
просто,part,715.9
простой,a,249.5
простор,s,25.6
просторный,a,37.3
пространство,s,94.2
простыня,s,36.8
просыпаться,v,44.2
просьба,s,59.6
против,adv,20.9
против,pr,147.0
противник,s,62.4
противно,adv,24.2
противный,a,38.1
противоположный,a,38.6
протокол,s,25.4
протягивать,v,34.9
протянуть,v,169.8
профессиональный,a,30.6
профессия,s,38.5
профессор,s,130.8
профиль,s,21.0
прохладный,a,28.7
проход,s,35.0
проходить,v,151.4
прохожий,s,40.0
процент,s,45.7
процесс,s,56.8
прочее,spro,108.2
прочесть,v,77.4
прочий,apro,70.3
прочитать,v,76.3
прочь,adv,45.4
прошептать,v,65.0
прошлое,s,90.4
прошлый,a,102.1
прощание,s,25.5
прощать,v,46.7
прощаться,v,40.4
прощение,s,24.6
проявить,v,29.8
проявлять,v,21.0
пруд,s,29.7
прутик,s,21.6
прыгать,v,65.4
прыгнуть,v,34.0
прыжок,s,26.5
прямо,adv,167.1
прямо,part,199.7
прямой,a,89.6
прятать,v,48.2
прятаться,v,49.6
птица,s,119.4
птичий,a,22.2
птичка,s,21.6
публика,s,42.1
пугать,v,47.4
пуговица,s,38.7
пузырь,s,24.5
пулемет,s,31.0
пуля,s,78.6
пункт,s,47.2
пускай,part,34.6
пускать,v,52.8
пустить,v,84.7
пусто,adv,23.8
пустой,a,219.6
пустота,s,51.4
пустынный,a,25.5
пустыня,s,30.0
пусть,conj,38.6
пусть,part,309.5
пустяк,s,32.7
путать,v,20.0
путаться,v,20.6
путешественник,s,24.4
путешествие,s,36.7
путь,s,275.1
пухлый,a,21.2
пушистый,a,18.7
пушка,s,37.7
пылать,v,20.3
пыль,s,97.4
пыльный,a,36.3
пытаться,v,284.1
пышный,a,24.8
пьеса,s,28.3
пьяный,a,111.2
пятка,s,21.8
пятнадцать,num,85.0
пятница,s,20.7
пятно,s,77.2
пятый,anum,83.7
пять,num,328.4
пятьдесят,num,102.2
пятьсот,num,23.2
раб,s,29.3
работа,s,573.2
работать,v,446.1
работник,s,46.9
рабочий,a,70.2
рабочий,s,49.1
равновесие,s,21.8
равнодушно,adv,28.2
равнодушный,a,26.6
равный,a,328.3
рад,a,87.0
ради,pr,129.0
радио,s,44.2
радоваться,v,79.6
радостно,adv,73.3
радостный,a,42.3
радость,s,157.7
раз,conj,98.1
раз,s,1325.6
разбирать,v,23.1
разбираться,v,38.7
разбитый,a,22.6
разбить,v,47.9
разбиться,v,19.6
разбойник,s,32.9
разбросать,v,20.3
разбудить,v,47.3
развалиться,v,19.4
разве,part,254.6
разведка,s,35.2
разведчик,s,30.1
развернуть,v,39.1
развернуться,v,34.6
развести,v,53.7
развитие,s,34.5
развод,s,25.0
разводить,v,23.9
разглядеть,v,55.8
разглядывать,v,70.7
разговаривать,v,142.2
разговор,s,373.7
раздаваться,v,26.4
раздавить,v,22.0
раздаться,v,92.3
раздеваться,v,22.6
разделить,v,22.5
разделять,v,18.5
раздеться,v,22.1
раздражать,v,30.9
раздражение,s,36.4
раздраженно,adv,21.5
раздумывать,v,20.3
раздумье,s,19.1
различный,a,29.5
разложить,v,24.3
размах,s,19.5
размахивать,v,26.6
размер,s,64.9
размышление,s,24.7
размышлять,v,44.6
разница,s,62.6
разноцветный,a,32.3
разный,a,234.3
разобрать,v,42.2
разобраться,v,72.6
разойтись,v,49.9
разом,adv,38.5
разорвать,v,28.0
разрешать,v,20.4
разрешение,s,32.5
разрешить,v,71.7
разрушить,v,25.5
разрыв,s,26.7
разум,s,37.1
разумеется,adv,94.0
разумный,a,27.5
разыскать,v,19.8
рай,s,32.8
район,s,79.1
районный,a,18.6
рак,s,21.0
ракета,s,34.4
раковина,s,19.4
рама,s,30.0
рамка,s,21.2
рана,s,43.5
раненый,s,38.3
ранить,v,36.4
ранний,a,231.6
рано,adv,177.3
раскрытый,a,18.6
раскрыть,v,61.2
распахнуть,v,66.0
распахнуться,v,23.9
располагаться,v,23.5
расположение,s,21.2
расположить,v,27.9
расположиться,v,20.2
распорядиться,v,26.4
распоряжение,s,29.6
рассвет,s,43.8
рассердиться,v,29.4
рассеянно,adv,18.6
рассказ,s,123.6
рассказать,v,264.4
рассказывать,v,259.0
расслабиться,v,19.2
расслышать,v,20.2
рассматривать,v,56.6
рассмеяться,v,61.2
рассмотреть,v,25.7
расспрашивать,v,26.6
расставаться,v,21.8
расставить,v,28.7
расстаться,v,33.7
расстегнуть,v,32.1
расстояние,s,47.4
расстрелять,v,29.8
рассуждать,v,38.7
рассуждение,s,18.9
рассчитать,v,20.4
рассчитывать,v,48.7
рассыпаться,v,24.5
растение,s,26.1
растерянно,adv,38.3
растерянность,s,21.2
растеряться,v,43.9
расти,v,106.1
расходиться,v,20.9
расхохотаться,v,20.4
расчет,s,49.2
рвануть,v,32.1
рвануться,v,23.1
рваный,a,22.2
рвать,v,39.1
рваться,v,41.7
реагировать,v,18.5
реакция,s,36.7
реальность,s,38.3
реальный,a,42.6
ребенок,s,512.2
ребро,s,28.9
ребята,s,219.9
ребятишки,s,26.9
рев,s,25.6
реветь,v,30.0
ревность,s,20.6
револьвер,s,21.2
революция,s,57.3
редактор,s,41.9
редакция,s,37.5
редкий,a,95.0
редко,adv,63.4
режим,s,26.2
режиссер,s,34.4
резать,v,35.8
резиновый,a,27.6
резкий,a,54.3
резко,adv,109.8
результат,s,89.8
рейс,s,27.8
река,s,178.3
реклама,s,22.4
рельс,s,21.8
ремень,s,49.4
ремонт,s,29.8
реплика,s,18.6
ресница,s,32.1
ресторан,s,90.7
речка,s,45.8
речь,s,164.8
решать,v,63.2
решаться,v,45.1
решение,s,92.9
решетка,s,35.1
решительно,adv,77.8
решительный,a,26.9
решить,v,438.7
решиться,v,68.8
ржавый,a,29.5
ринуться,v,21.1
риск,s,20.8
рисковать,v,32.8
рисовать,v,44.6
рисунок,s,33.9
ритм,s,20.8
робкий,a,19.5
робко,adv,24.8
ровно,adv,57.3
ровный,a,58.8
рог,s,31.9
род,s,111.2
родина,s,69.7
родитель,s,138.5
родить,v,52.3
родиться,v,90.7
родной,a,131.7
родные,s,20.4
родственник,s,68.2
рожа,s,34.3
рождаться,v,21.3
рождение,s,71.3
роза,s,49.9
розовый,a,83.5
роковой,a,18.9
роль,s,90.5
роман,s,121.6
роскошный,a,29.4
российский,a,43.7
рост,s,86.2
рот,s,268.1
рота,s,45.9
роща,s,19.1
рояль,s,21.0
рубаха,s,44.3
рубашка,s,86.6
рубить,v,24.2
рубль,s,121.6
ругать,v,30.0
ругаться,v,39.6
ружье,s,50.5
рука,s,2137.9
рукав,s,83.6
руководитель,s,32.2
руководить,v,22.1
руководство,s,29.5
рукопись,s,34.3
руль,s,51.5
русский,a,304.0
русский,s,65.5
рухнуть,v,48.4
ручей,s,30.3
ручка,s,96.8
рыба,s,113.8
рыбак,s,28.1
рыбка,s,24.9
рывок,s,21.5
рыдать,v,25.7
рыжий,a,85.8
рынок,s,54.9
рыцарь,s,27.0
рюкзак,s,29.4
рюмка,s,55.4
рявкнуть,v,22.3
ряд,s,112.9
рядовой,a,19.3
рядом,adv,451.9
с,pr,11429.0
сад,s,113.8
садиться,v,133.0
сажать,v,24.8
сало,s,23.7
салон,s,31.7
сам,apro,2337.9
самовар,s,19.4
самолет,s,114.7
самый,apro,921.9
сани,s,20.6
санитар,s,18.6
сантиметр,s,19.7
сапог,s,124.1
сарай,s,45.2
сахар,s,35.3
сбегать,v,30.7
сбежать,v,40.1
сбить,v,43.4
сбиться,v,21.9
сбоку,adv,30.1
сбор,s,22.3
сбросить,v,44.0
свадьба,s,52.3
свалить,v,23.3
свалиться,v,39.6
сварить,v,20.4
сведение,s,47.0
свежий,a,107.9
сверкать,v,45.5
сверкнуть,v,19.3
свернуть,v,58.1
сверху,adv,86.1
свести,v,32.0
свет,s,515.2
светить,v,34.2
светиться,v,46.8
светлый,a,116.8
свеча,s,44.1
свидание,s,56.3
свидетель,s,55.6
свинья,s,33.4
свисать,v,18.9
свист,s,21.4
свитер,s,26.6
свобода,s,108.0
свободно,adv,29.5
свободный,a,125.4
сводить,v,31.9
свое,spro,36.5
свой,apro,3870.3
свойство,s,25.5
сволочь,s,53.6
связанный,a,35.7
связать,v,59.9
связаться,v,22.3
связь,s,135.0
святой,a,68.1
священник,s,26.1
священный,a,24.9
сгореть,v,31.2
сдавать,v,30.3
сдаваться,v,23.2
сдать,v,56.8
сдаться,v,20.9
сдвинуть,v,26.0
сделать,v,749.8
сделаться,v,75.9
сдерживать,v,24.9
се,spro,28.7
себе,part,43.3
себя,spro,2865.6
север,s,37.1
северный,a,47.0
сегодня,adv,409.3
сегодняшний,a,49.0
седло,s,24.5
седой,a,62.5
седьмой,anum,47.8
сей,apro,164.0
сейф,s,21.6
сейчас,advpro,1131.5
секрет,s,44.5
секретарша,s,35.3
секретарь,s,46.7
секретный,a,25.2
секунда,s,167.9
село,s,45.9
сельский,a,19.0
семейный,a,54.9
семейство,s,21.8
семнадцать,num,21.6
семь,num,109.5
семьдесят,num,34.6
семья,s,196.4
сени,s,19.7
сено,s,30.5
сентябрь,s,26.6
сердечный,a,18.9
сердито,adv,43.1
сердиться,v,41.8
сердце,s,318.1
серебряный,a,45.5
середина,s,64.3
сержант,s,62.3
серый,a,174.7
серьезно,adv,74.9
серьезный,a,119.0
сестра,s,160.7
сесть,v,330.6
сетка,s,22.9
сеть,s,38.1
сжать,v,41.0
сжаться,v,19.9
сжечь,v,31.8
сжимать,v,32.0
сзади,adv,79.6
сигарета,s,109.2
сигнал,s,42.7
сиденье,s,54.8
сидеть,v,922.6
сила,s,545.0
силуэт,s,19.9
сильно,adv,162.8
сильный,a,230.8
симпатичный,a,32.1
синий,a,144.1
синяк,s,25.9
система,s,73.0
ситуация,s,90.7
сияние,s,19.9
сиять,v,61.7
скажем,adv,58.0
сказать,v,4115.7
сказка,s,54.3
скакать,v,27.5
скала,s,44.9
скамейка,s,52.6
скамья,s,23.2
скандал,s,36.6
скатерть,s,23.5
сквозь,pr,203.4
скинуть,v,22.1
склад,s,45.1
складка,s,22.4
складывать,v,20.0
складываться,v,21.3
склон,s,31.4
склонить,v,24.3
склониться,v,30.9
скользить,v,26.9
скользкий,a,20.9
скользнуть,v,23.5
сколько,advpro,55.3
сколько,num,343.5
скомандовать,v,22.1
скоро,adv,243.0
скорость,s,68.6
скорый,a,248.7
скот,s,18.7
скотина,s,22.6
скрип,s,20.8
скрипеть,v,28.9
скрипка,s,19.5
скромно,adv,21.4
скромный,a,44.3
скрывать,v,62.0
скрываться,v,28.4
скрытый,a,20.1
скрыть,v,43.0
скрыться,v,54.4
скука,s,19.6
скула,s,21.2
скучать,v,28.3
скучно,adv,34.2
скучный,a,30.4
слабо,adv,31.4
слабость,s,40.6
слабый,a,102.7
слава,s,132.9
славный,a,36.3
сладкий,a,57.6
сладко,adv,24.3
слева,adv,52.8
слегка,adv,135.1
след,s,129.3
следить,v,96.9
следователь,s,82.4
следовательно,adv,24.7
следовать,v,229.6
следом,adv,56.3
следствие,s,38.9
следующий,a,195.2
слеза,s,198.9
слепой,a,32.1
слишком,adv,265.8
словно,conj,426.5
словно,part,56.7
слово,s,992.2
словом,adv,33.2
сложить,v,65.1
сложиться,v,38.0
сложный,a,69.9
слой,s,39.8
сломать,v,43.2
слон,s,28.2
слуга,s,22.4
служба,s,121.9
служебный,a,36.0
служить,v,103.7
слух,s,77.9
случай,s,461.6
случайно,adv,88.3
случайность,s,21.1
случайный,a,53.5
случаться,v,63.7
случиться,v,239.4
слушать,v,394.6
слушаться,v,24.9
слыхать,v,30.0
слышать,v,404.0
слышаться,v,37.8
слышно,adv,69.4
слышный,a,28.9
слюна,s,22.6
смело,adv,19.1
смелый,a,27.0
смена,s,42.8
сменить,v,32.3
смертельный,a,20.5
смертный,a,24.6
смерть,s,314.4
сметь,v,45.8
смех,s,108.2
смешно,adv,44.9
смешной,a,67.7
смеяться,v,197.3
смотреть,v,933.8
смочь,v,231.8
смуглый,a,22.0
смутиться,v,31.8
смутно,adv,21.8
смутный,a,25.5
смущенно,adv,21.0
смысл,s,214.8
снаружи,adv,28.3
снаряд,s,33.5
сначала,adv,218.9
снег,s,214.6
снежный,a,34.9
снести,v,19.5
снизу,adv,45.4
снимать,v,99.2
снимок,s,21.0
снисходительно,adv,19.5
сниться,v,43.8
снова,adv,555.7
снять,v,209.0
со,pr,1245.0
собака,s,204.4
собачий,a,39.0
собеседник,s,39.8
собирать,v,79.5
собираться,v,236.8
собор,s,20.2
собрание,s,58.8
собрать,v,95.1
собраться,v,121.9
собственно,adv,78.5
собственный,a,282.6
событие,s,106.2
совать,v,25.6
совершать,v,31.5
совершенно,adv,301.3
совершить,v,56.7
совесть,s,70.5
совет,s,101.5
советовать,v,31.9
советский,a,174.5
совещание,s,25.4
совместный,a,21.4
совпадение,s,18.7
соврать,v,20.0
современный,a,57.5
совсем,adv,668.9
согласие,s,27.1
согласиться,v,196.3
согласно,pr,20.9
согласный,a,65.3
соглашаться,v,39.2
содержание,s,28.7
соединить,v,24.2
сожаление,s,67.4
создавать,v,36.1
создание,s,24.2
создать,v,73.4
сознание,s,116.1
сойти,v,89.8
сойтись,v,27.0
сок,s,32.9
сокровище,s,20.0
солдат,s,208.6
солдатский,a,31.1
соленый,a,21.4
солидный,a,27.5
солнечный,a,67.7
солнце,s,271.4
солнышко,s,30.1
соль,s,33.0
сомневаться,v,70.2
сомнение,s,81.2
сон,s,247.3
сонный,a,28.3
соображать,v,43.6
соображение,s,29.9
сообразить,v,68.2
сообщать,v,38.7
сообщение,s,41.3
сообщить,v,141.3
соответствовать,v,28.9
соответствующий,a,20.9
сопровождать,v,32.0
сопротивление,s,23.0
сопротивляться,v,26.4
сорвать,v,39.4
сорваться,v,43.3
сорок,num,147.3
сорт,s,19.1
сосед,s,139.6
соседка,s,54.5
соседний,a,86.9
сосна,s,41.2
состав,s,51.7
составить,v,40.5
составлять,v,37.8
состояние,s,132.7
состоять,v,58.7
состояться,v,30.9
сотня,s,71.0
сотрудник,s,59.0
сохранить,v,45.7
сохраниться,v,31.9
сохранять,v,21.7
социальный,a,20.6
сочинение,s,29.4
сочинить,v,19.9
сочинять,v,24.7
сочувствие,s,23.3
союз,s,60.1
спальня,s,41.8
спасать,v,39.3
спасение,s,36.2
спасибо,adv,72.0
спасибо,part,73.5
спасибо,s,25.0
спасти,v,96.1
спать,v,397.7
спектакль,s,36.5
сперва,adv,63.4
спеть,v,20.1
специалист,s,44.2
специально,adv,56.9
специальный,a,52.5
спешить,v,115.1
спина,s,359.0
спинка,s,40.9
спирт,s,31.7
список,s,49.1
спичка,s,38.4
сплошной,a,39.0
сплошь,adv,22.5
спокойно,adv,178.5
спокойный,a,119.0
спокойствие,s,25.4
спор,s,43.5
спорить,v,71.6
спортивный,a,34.2
способ,s,71.0
способность,s,53.2
способный,a,99.0
спохватиться,v,31.3
справа,adv,54.0
справедливость,s,33.8
справедливый,a,25.6
справиться,v,48.6
справка,s,33.2
спрашивать,v,340.9
спросить,v,1172.5
спрыгнуть,v,24.3
спрятать,v,72.1
спрятаться,v,35.8
спускаться,v,55.0
спустить,v,25.8
спуститься,v,74.7
спустя,pr,62.6
спутник,s,30.8
сравнение,s,41.3
сразу,adv,689.4
среда,s,32.6
среди,pr,267.1
средний,a,64.5
средство,s,68.2
срок,s,78.1
срочно,adv,41.9
срываться,v,18.5
ставить,v,114.9
стадо,s,24.1
стакан,s,126.2
стальной,a,32.4
становиться,v,210.4
станция,s,95.8
старательно,adv,35.8
стараться,v,223.7
старенький,a,20.3
старик,s,287.8
старинный,a,56.2
старичок,s,34.8
старость,s,39.0
старуха,s,139.6
старушка,s,54.6
старший,a,172.0
старшина,s,49.4
старый,a,480.9
статуя,s,19.9
стать,s,21.7
стать,v,1727.8
статья,s,83.0
стая,s,21.0
ствол,s,70.9
стекло,s,161.2
стеклянный,a,50.7
стена,s,417.2
стенка,s,62.7
степень,s,60.7
степь,s,50.0
стесняться,v,45.0
стиль,s,36.7
стирать,v,20.2
стиснуть,v,22.2
стихи,s,114.2
стихотворение,s,24.7
сто,num,161.3
стоить,v,555.4
стойка,s,39.6
стол,s,703.4
столб,s,51.0
столик,s,111.9
столица,s,44.3
столкнуться,v,26.2
столовая,s,47.8
столь,advpro,114.0
столько,advpro,44.3
столько,num,117.4
стон,s,27.7
стонать,v,26.4
стопка,s,24.3
сторож,s,25.1
сторона,s,786.6
стоять,v,756.4
страдание,s,42.3
страдать,v,60.3
страна,s,206.1
страница,s,75.4
странно,adv,127.6
странный,a,240.7
страсть,s,66.3
страх,s,196.8
страшно,adv,129.0
страшный,a,219.7
стрела,s,30.7
стрелка,s,28.5
стрельба,s,28.3
стрелять,v,109.7
стремительно,adv,40.4
стремиться,v,46.9
стремление,s,18.6
строгий,a,65.0
строго,adv,82.9
строительство,s,23.4
строить,v,64.6
строй,s,41.0
стройный,a,29.5
строка,s,31.8
строчка,s,30.7
струна,s,19.9
струя,s,34.5
студент,s,74.9
студенческий,a,18.8
студия,s,21.0
стук,s,44.5
стукнуть,v,35.3
стул,s,164.8
ступать,v,38.0
ступень,s,32.1
ступенька,s,51.8
ступить,v,19.4
стучать,v,69.1
стыд,s,35.6
стыдно,adv,70.6
суббота,s,34.3
сугроб,s,20.7
суд,s,96.6
судить,v,104.6
судно,s,26.6
судорожно,adv,20.4
судьба,s,189.9
судья,s,38.3
суета,s,24.1
суетиться,v,22.4
сука,s,39.9
сумасшедший,a,60.9
сумерки,s,39.7
суметь,v,92.4
сумка,s,106.0
сумма,s,48.9
сумочка,s,28.8
сумрак,s,18.9
сундук,s,21.4
сунуть,v,94.2
суп,s,36.1
супруг,s,27.2
супруга,s,29.6
сурово,adv,20.1
суровый,a,41.2
сутки,s,80.1
суть,s,56.5
сухо,adv,30.6
сухой,a,112.7
существо,s,93.5
существование,s,57.7
существовать,v,132.7
сущность,s,50.7
схватить,v,123.4
схватиться,v,32.1
схема,s,23.8
сходить,v,81.6
сходиться,v,20.6
сходство,s,18.9
сцена,s,97.1
сценарий,s,20.4
счастливо,adv,21.8
счастливый,a,151.9
счастье,s,183.2
счесть,v,30.5
счет,s,119.7
считать,v,334.7
считаться,v,66.4
съездить,v,25.2
съесть,v,68.4
сыграть,v,40.0
сын,s,358.0
сынок,s,35.4
сыр,s,24.4
сырой,a,43.4
сытый,a,22.8
сэр,s,39.1
сюда,advpro,247.4
сюжет,s,32.7
табак,s,24.0
таблетка,s,24.2
табличка,s,22.2
табуретка,s,30.3
таз,s,19.0
таинственный,a,39.9
таиться,v,19.1
тайга,s,29.8
тайна,s,95.2
тайный,a,65.2
так,advpro,4105.3
также,adv,106.8
таков,apro,42.5
таковой,apro,19.7
такой,apro,2635.8
такой-то,apro,28.7
такси,s,49.3
так-то,advpro,25.7
талант,s,45.6
талантливый,a,27.7
талия,s,18.7
там,advpro,1456.0
там,part,74.4
танец,s,47.8
танк,s,74.5
танцевать,v,54.6
тарелка,s,72.5
таскать,v,35.0
татарин,s,20.7
татарский,a,35.6
тащить,v,58.3
таять,v,19.9
тварь,s,23.6
твердить,v,22.1
твердо,adv,62.0
твердый,a,64.3
твой,apro,645.1
творить,v,21.5
твориться,v,25.6
творческий,a,26.0
творчество,s,24.7
театр,s,95.8
театральный,a,22.7
текст,s,63.1
телевидение,s,21.8
телевизор,s,101.9
телега,s,33.1
телеграмма,s,29.1
телефон,s,230.9
телефонный,a,65.6
тело,s,337.0
тем,conj,21.4
тема,s,114.8
темнеть,v,28.3
темно,adv,38.5
темнота,s,139.3
темный,a,247.3
температура,s,23.7
тень,s,146.5
теория,s,35.2
теперь,advpro,1267.7
тепло,adv,34.6
тепло,s,57.1
теплый,a,157.5
терпеливо,adv,26.1
терпение,s,26.6
терпеть,v,75.8
терраса,s,21.7
территория,s,47.8
терять,v,83.4
теряться,v,19.7
тесно,adv,21.7
тесный,a,38.7
тетка,s,89.5
тетрадь,s,36.0
тетя,s,113.9
техника,s,40.1
технический,a,23.9
течение,s,61.5
течь,v,54.3
теща,s,23.3
тип,s,74.3
тихий,a,175.7
тихо,adv,278.1
тихонько,adv,44.8
тишина,s,135.1
ткань,s,25.1
ткнуть,v,34.9
то,conj,807.3
то,part,174.1
то,spro,3509.2
товар,s,40.7
товарищ,s,369.2
тогда,advpro,946.2
тоже,adv,1157.3
толк,s,48.6
толкать,v,29.4
толкнуть,v,42.5
толком,adv,29.5
толпа,s,146.2
толстый,a,149.9
толчок,s,25.8
только,conj,160.1
только,part,2497.6
том,s,37.2
тон,s,98.3
тоненький,a,28.4
тонкий,a,156.8
тонуть,v,20.4
топор,s,46.7
топтаться,v,21.0
торговать,v,31.0
торговый,a,22.2
торжественно,adv,33.5
торжественный,a,27.5
торжество,s,24.6
торопиться,v,91.4
торопливо,adv,54.3
торчать,v,93.5
тоска,s,78.2
тост,s,20.3
тот,apro,2687.6
тотчас,adv,64.0
точка,s,124.3
точно,adv,204.5
точно,conj,64.0
точно,part,44.1
точность,s,26.5
точный,a,106.6
тощий,a,25.2
трава,s,155.8
трагедия,s,21.7
традиция,s,25.9
трактор,s,28.9
трамвай,s,42.1
транспорт,s,20.5
тратить,v,29.8
требование,s,20.5
требовать,v,125.1
требоваться,v,54.6
тревога,s,68.3
тревожить,v,23.1
тревожно,adv,22.6
тревожный,a,29.0
трезвый,a,27.1
треск,s,27.8
третий,anum,273.6
трещать,v,20.3
три,num,599.5
трибуна,s,25.6
тридцать,num,152.2
трижды,adv,19.3
триста,num,36.4
трогать,v,56.2
трое,num,94.4
троллейбус,s,23.9
тронуть,v,55.5
тронуться,v,26.3
тропа,s,25.6
тропинка,s,28.8
тротуар,s,40.9
труба,s,101.3
трубка,s,194.8
труд,s,187.8
трудиться,v,23.4
трудно,adv,145.4
трудность,s,19.3
трудный,a,67.1
трудовой,a,20.5
труп,s,70.2
трусы,s,28.6
тряпка,s,44.6
трясти,v,34.4
трястись,v,38.8
туалет,s,48.4
туго,adv,23.3
тугой,a,23.5
туда,advpro,266.7
туман,s,77.6
тумбочка,s,24.1
тупо,adv,21.1
тупой,a,37.9
турецкий,a,18.8
турист,s,20.7
турок,s,24.2
тусклый,a,29.1
тут,advpro,1409.2
тут-то,advpro,23.3
туфля,s,43.1
туча,s,43.9
тщательно,adv,47.6
ты,spro,6153.6
тыкать,v,21.6
тыл,s,30.7
тысяча,s,223.9
тьма,s,69.3
тьфу,intj,22.2
тюрьма,s,80.9
тяжело,adv,104.3
тяжелый,a,232.6
тяжесть,s,45.1
тяжкий,a,24.2
тянуть,v,114.6
тянуться,v,65.8
у,pr,5314.9
убегать,v,28.7
убедить,v,36.3
убедиться,v,54.4
убежать,v,51.7
убеждать,v,21.5
убивать,v,74.8
убийство,s,73.4
убийца,s,53.5
убирать,v,25.1
убить,v,244.5
убрать,v,66.8
уважаемый,a,32.1
уважать,v,50.1
уважение,s,39.8
увезти,v,32.9
уверенно,adv,41.4
уверенность,s,42.4
уверенный,a,131.4
уверить,v,22.0
уверять,v,31.2
увести,v,28.7
увидеть,v,693.1
уволить,v,21.0
увы,intj,43.9
угадать,v,38.5
уговаривать,v,29.0
уговорить,v,22.6
угодить,v,27.3
угодно,adv,40.8
угодно,part,35.8
угол,s,266.0
уголовный,a,22.8
уголок,s,42.4
уголь,s,26.2
угрожать,v,23.8
угроза,s,41.7
угрюмо,adv,19.3
угрюмый,a,28.3
удаваться,v,41.8
удалиться,v,24.7
удаляться,v,23.6
удар,s,153.9
ударить,v,123.0
удариться,v,22.0
удаться,v,143.8
удача,s,38.2
удачно,adv,21.1
удачный,a,20.6
удержать,v,31.2
удержаться,v,42.6
удерживать,v,23.4
удивительно,adv,43.1
удивительный,a,72.5
удивить,v,41.1
удивиться,v,178.0
удивление,s,86.2
удивленно,adv,45.7
удивляться,v,73.7
удобно,adv,30.5
удобный,a,51.2
удовлетворение,s,19.3
удовольствие,s,138.1
уезжать,v,68.2
уехать,v,168.0
уж,adv,165.4
уж,part,537.9
ужас,s,136.6
ужасно,adv,41.0
ужасный,a,65.3
уже,adv,2533.5
ужин,s,51.6
узел,s,37.1
узкий,a,115.6
узнавать,v,124.9
узнать,v,315.3
уйти,v,471.0
указание,s,26.8
указать,v,62.6
указывать,v,36.9
укол,s,23.0
украинский,a,19.0
украсить,v,22.9
украсть,v,45.4
улететь,v,28.3
улечься,v,21.0
улица,s,441.7
уличный,a,23.2
уловить,v,28.3
уложить,v,37.3
улыбаться,v,210.7
улыбка,s,178.1
улыбнуться,v,268.8
ум,s,201.2
умение,s,24.3
умереть,v,226.7
уметь,v,220.4
умирать,v,80.9
умный,a,114.7
умолкнуть,v,22.0
умолять,v,29.8
унести,v,32.6
университет,s,50.7
уничтожить,v,40.0
уносить,v,19.0
унылый,a,19.0
упасть,v,178.2
упереться,v,30.2
упираться,v,26.9
упомянуть,v,20.9
упор,s,26.4
упорно,adv,23.1
управление,s,53.9
управлять,v,21.9
упрямо,adv,23.6
упустить,v,29.0
ура,intj,20.3
уровень,s,59.7
урок,s,80.0
уронить,v,30.9
ус,s,53.6
усадить,v,24.2
усесться,v,55.0
усилие,s,69.5
условие,s,87.2
услуга,s,29.1
услышать,v,252.0
усмехаться,v,19.6
усмехнуться,v,133.5
усмешка,s,27.5
уснуть,v,52.8
успевать,v,41.3
успеть,v,330.2
успех,s,71.4
успокаивать,v,27.4
успокоить,v,49.0
успокоиться,v,87.6
уставиться,v,62.4
устало,adv,28.5
усталость,s,39.9
усталый,a,40.8
установить,v,51.1
устать,v,94.4
устраивать,v,53.7
устремиться,v,19.8
устроить,v,105.8
устроиться,v,48.7
устройство,s,27.5
уступать,v,20.4
уступить,v,22.5
утверждать,v,50.7
утешать,v,20.8
уткнуться,v,24.6
утонуть,v,22.7
уточнить,v,32.8
утратить,v,28.3
утренний,a,53.6
утро,s,453.8
ухаживать,v,19.3
ухватить,v,21.2
ухватиться,v,18.8
ухмыльнуться,v,19.7
ухо,s,265.4
уход,s,32.2
уходить,v,276.1
уцелеть,v,25.9
участвовать,v,39.2
участие,s,43.6
участковый,s,35.8
участник,s,25.6
участок,s,53.0
учебник,s,22.8
ученик,s,56.8
ученый,a,22.4
ученый,s,68.2
учесть,v,33.8
училище,s,25.3
учитель,s,107.1
учительница,s,40.0
учить,v,84.8
учиться,v,110.8
учреждение,s,20.8
уютный,a,26.6
фабрика,s,26.2
факт,s,82.7
фамилия,s,147.8
фантазия,s,31.5
фантастический,a,20.3
фара,s,19.6
фашист,s,20.2
фигура,s,104.9
фигурка,s,21.2
физик,s,21.9
физиономия,s,34.6
физический,a,35.8
философ,s,18.6
фильм,s,75.3
финансовый,a,21.2
фиолетовый,a,20.0
фирма,s,68.4
флаг,s,22.2
флот,s,22.8
фокус,s,19.4
фон,part,18.9
фон,s,45.7
фонарик,s,19.1
фонарь,s,63.9
фонтан,s,23.5
форма,s,133.4
формула,s,18.6
фотография,s,110.9
фраза,s,102.2
француз,s,27.5
французский,a,58.6
фронт,s,91.8
фрукт,s,20.5
фуражка,s,30.6
фыркнуть,v,18.6
фюрер,s,24.9
халат,s,74.0
характер,s,83.9
хата,s,36.6
хватать,v,168.2
хвататься,v,20.7
хватить,v,170.5
хвост,s,97.6
хирург,s,23.8
хитрый,a,37.3
хлеб,s,146.2
хлопать,v,38.9
хлопнуть,v,52.3
хмуро,adv,25.0
хмурый,a,20.3
хмыкнуть,v,34.3
ход,s,180.9
ходить,v,409.1
хозяин,s,240.3
хозяйка,s,88.5
хозяйство,s,43.5
холм,s,52.3
холод,s,65.6
холодильник,s,39.0
холодно,adv,59.4
холодный,a,169.6
хор,s,33.9
хоронить,v,23.2
хорошенький,a,19.5
хороший,a,513.8
хорошо,adv,575.9
хорошо,part,85.3
хотеть,v,1392.7
хотеться,v,371.8
хоть,conj,140.1
хоть,part,322.5
хотя,conj,556.2
хотя,part,88.3
хохот,s,26.2
хохотать,v,55.1
храм,s,44.8
хранить,v,38.8
храниться,v,21.4
хрен,s,43.1
хрипло,adv,20.1
хрупкий,a,19.8
художественный,a,26.4
художник,s,104.6
худой,a,60.1
хутор,s,26.9
царить,v,20.1
царский,a,21.8
царство,s,22.9
царь,s,62.5
цвести,v,19.1
цвет,s,164.1
цветной,a,34.3
цветок,s,108.9
целиком,adv,26.3
целовать,v,56.9
целоваться,v,23.3
целое,s,20.3
целый,a,242.6
цель,s,132.5
цена,s,78.9
ценить,v,29.3
ценность,s,27.7
ценный,a,25.5
центр,s,112.2
центральный,a,42.2
цепляться,v,27.7
цепочка,s,28.5
цепь,s,50.0
церковь,s,78.7
цех,s,27.3
цивилизация,s,20.1
цирк,s,24.3
цифра,s,44.6
цыган,s,32.1
цыпочки,s,20.3
чай,s,175.0
чайка,s,21.0
чайник,s,40.1
час,s,499.2
часовой,s,20.9
частность,s,20.4
частный,a,36.2
часто,adv,171.4
частый,a,83.4
часть,s,267.6
часы,s,115.1
чаша,s,19.5
чашка,s,60.7
чего,advpro,107.6
чей,apro,84.6
чей-то,apro,64.9
человек,s,2669.9
человечек,s,27.3
человеческий,a,151.0
человечество,s,50.4
челюсть,s,29.1
чем,conj,620.8
чемодан,s,77.2
чепуха,s,26.2
чердак,s,25.2
через,pr,896.3
череп,s,50.0
чересчур,adv,25.1
черный,a,515.0
черт,s,218.2
черта,s,64.9
чертов,a,25.0
честно,adv,77.8
честный,a,83.2
честь,s,88.9
четверо,num,33.1
четвертый,anum,101.1
четверть,s,35.5
четкий,a,22.0
четко,adv,32.5
четыре,num,228.5
четырнадцать,num,19.1
чин,s,24.4
чиновник,s,24.5
число,s,110.7
чистить,v,24.6
чисто,adv,46.7
чистота,s,22.0
чистый,a,187.0
читатель,s,41.1
читать,v,320.9
член,s,91.6
чрезвычайно,adv,29.0
чтение,s,27.7
что,advpro,238.5
что,conj,8674.5
что,spro,5137.4
чтоб,conj,315.0
чтобы,conj,1537.3
что-либо,spro,22.5
что-нибудь,spro,223.9
что-то,spro,1019.8
чувство,s,264.4
чувствовать,v,361.3
чувствоваться,v,25.2
чудесный,a,34.3
чудо,s,84.1
чудовище,s,19.6
чудовищный,a,29.5
чужой,a,237.0
чулок,s,20.6
чуть,adv,384.8
чуть-чуть,adv,41.5
чушь,s,23.4
чуять,v,24.7
шаг,s,274.3
шагать,v,45.3
шагнуть,v,48.0
шампанское,s,45.5
шанс,s,40.0
шапка,s,74.9
шапочка,s,20.2
шар,s,55.7
шарик,s,27.0
швырнуть,v,26.7
шевелить,v,25.2
шевелиться,v,44.6
шелковый,a,27.1
шепнуть,v,35.3
шепот,s,56.0
шепотом,adv,29.6
шептать,v,57.1
шерсть,s,24.7
шестнадцать,num,23.4
шестой,anum,53.4
шесть,num,121.6
шестьдесят,num,42.1
шеф,s,74.9
шея,s,163.6
шинель,s,50.7
широкий,a,157.2
широко,adv,60.1
шить,v,19.5
шкаф,s,85.3
школа,s,224.1
школьный,a,52.2
шкура,s,33.9
шлем,s,19.9
шляпа,s,57.6
шорох,s,23.0
шоссе,s,49.2
шофер,s,80.2
шпион,s,32.8
шрам,s,21.2
штаб,s,65.4
штаны,s,64.1
штат,s,23.3
штора,s,23.3
штука,s,61.7
шуба,s,30.2
шум,s,101.4
шуметь,v,44.4
шумно,adv,27.6
шумный,a,24.5
шуршать,v,21.1
шут,s,27.1
шутить,v,59.3
шутка,s,83.7
щека,s,155.8
щелкнуть,v,37.1
щель,s,47.4
щенок,s,33.1
щит,s,25.9
э,intj,20.9
эй,intj,54.7
экзамен,s,35.3
экземпляр,s,19.1
экипаж,s,29.2
экран,s,73.8
экспедиция,s,26.1
эксперимент,s,18.9
электрический,a,33.9
электричество,s,19.5
электричка,s,24.7
эмоция,s,22.2
энергия,s,43.1
эпоха,s,31.4
этаж,s,148.5
этакий,apro,22.5
этап,s,19.1
это,part,455.3
это,spro,6003.7
этот,apro,4811.0
эх,intj,58.4
эхо,s,19.1
эшелон,s,18.7
юбка,s,46.1
юг,s,32.4
южный,a,35.6
юмор,s,25.7
юность,s,38.8
юноша,s,53.6
юный,a,61.1
я,spro,17800.2
яблоко,s,51.3
явиться,v,96.1
явление,s,32.7
являться,v,84.7
явно,adv,103.1
явный,a,27.6
ягода,s,22.4
яд,s,23.3
язык,s,256.6
яйцо,s,47.5
якобы,part,33.0
яма,s,47.9
январь,s,18.8
японский,a,22.0
яркий,a,94.7
ярко,adv,30.2
яростно,adv,21.2
ярость,s,36.6
ясно,adv,146.4
ясность,s,18.8
ясный,a,120.9
ять,s,43.5
ящик,s,129.5